,full_name,id,contained_within,country,country_code,geo,name,place_type
a89175c4c91f45a3,"Citrus Heights, CA",a89175c4c91f45a3,[],,,"{'type': 'Feature', 'bbox': [-121.331355, 38.663673, -121.242804, 38.722779], 'properties': {}}",,city
3f5897b87d2bf56c,"Delaware, USA",3f5897b87d2bf56c,[],,,"{'type': 'Feature', 'bbox': [-75.7887564, 38.4510398, -74.984165, 39.839007], 'properties': {}}",,admin
161d2f18e3a0445a,"Raleigh, NC",161d2f18e3a0445a,[],,,"{'type': 'Feature', 'bbox': [-78.818343, 35.7158045, -78.497331, 35.9721579], 'properties': {}}",,city
00c39537733fa112,"Queens, NY",00c39537733fa112,[],,,"{'type': 'Feature', 'bbox': [-73.962582, 40.541722, -73.699793, 40.8000371], 'properties': {}}",,city
c3f37afa9efcf94b,"Austin, TX",c3f37afa9efcf94b,[],,,"{'type': 'Feature', 'bbox': [-97.928935, 30.127892, -97.5805133, 30.5187994], 'properties': {}}",,city
ab2f2fac83aa388d,"Oakland, CA",ab2f2fac83aa388d,[],,,"{'type': 'Feature', 'bbox': [-122.34266, 37.699279, -122.114711, 37.8847092], 'properties': {}}",,city
5c2b5e46ab891f07,"Las Vegas, NV",5c2b5e46ab891f07,[],,,"{'type': 'Feature', 'bbox': [-115.384091, 36.129459, -115.062159, 36.336371], 'properties': {}}",,city
413ef5a0d23bfe4f,"Kalamazoo, MI",413ef5a0d23bfe4f,[],,,"{'type': 'Feature', 'bbox': [-85.649602, 42.215555, -85.481775, 42.365493], 'properties': {}}",,city
011add077f4d2da3,"Brooklyn, NY",011add077f4d2da3,[],,,"{'type': 'Feature', 'bbox': [-74.041878, 40.570842, -73.855673, 40.739434], 'properties': {}}",,city
6c686af766d8429c,"Fort Lauderdale, FL",6c686af766d8429c,[],,,"{'type': 'Feature', 'bbox': [-80.20811, 26.080935, -80.0902351, 26.219801], 'properties': {}}",,city
cd450c94084cbf9b,"Massachusetts, USA",cd450c94084cbf9b,[],,,"{'type': 'Feature', 'bbox': [-73.508143, 41.187054, -69.858861, 42.8868241], 'properties': {}}",,admin
946ccd22e1c9cda1,"Pittsburgh, PA",946ccd22e1c9cda1,[],,,"{'type': 'Feature', 'bbox': [-80.095586, 40.3615796, -79.8657933, 40.501198], 'properties': {}}",,city
5e68ca240e32025a,"Chino Hills, CA",5e68ca240e32025a,[],,,"{'type': 'Feature', 'bbox': [-117.788282, 33.921548, -117.6552404, 34.0234834], 'properties': {}}",,city
ae845a49091f2727,"Somerville, MA",ae845a49091f2727,[],,,"{'type': 'Feature', 'bbox': [-71.134552, 42.3727525, -71.072892, 42.418052], 'properties': {}}",,city
008338532a26abed,"Bradenton, FL",008338532a26abed,[],,,"{'type': 'Feature', 'bbox': [-82.688331, 27.424889, -82.459019, 27.52306], 'properties': {}}",,city
e314d126e15cdbfa,"Golden Valley, MN",e314d126e15cdbfa,[],,,"{'type': 'Feature', 'bbox': [-93.400969, 44.966485, -93.318318, 45.016929], 'properties': {}}",,city
4ec01c9dbc693497,"Florida, USA",4ec01c9dbc693497,[],,,"{'type': 'Feature', 'bbox': [-87.634643, 24.396308, -79.974307, 31.001056], 'properties': {}}",,admin
009987081e292b49,"Rehoboth, MA",009987081e292b49,[],,,"{'type': 'Feature', 'bbox': [-71.296345, 41.804253, -71.261795, 41.847254], 'properties': {}}",,city
0a0de7bd49ef942d,"Scottsdale, AZ",0a0de7bd49ef942d,[],,,"{'type': 'Feature', 'bbox': [-111.960775, 33.4358637, -111.756022, 33.842816], 'properties': {}}",,city
01a9a39529b27f36,"Manhattan, NY",01a9a39529b27f36,[],,,"{'type': 'Feature', 'bbox': [-74.026675, 40.683935, -73.910408, 40.877483], 'properties': {}}",,city
0068df0f3d964111,"Grafton, MA",0068df0f3d964111,[],,,"{'type': 'Feature', 'bbox': [-71.733841, 42.163379, -71.640842, 42.252255], 'properties': {}}",,city
463f5d9615d7d1be,"Maine, USA",463f5d9615d7d1be,[],,,"{'type': 'Feature', 'bbox': [-71.084335, 42.917127, -66.885075, 47.459687], 'properties': {}}",,admin
97b70992556c6354,"Farmers Branch, TX",97b70992556c6354,[],,,"{'type': 'Feature', 'bbox': [-96.938694, 32.895548, -96.821221, 32.953548], 'properties': {}}",,city
073b88b74b72bb80,"Grove City, OH",073b88b74b72bb80,[],,,"{'type': 'Feature', 'bbox': [-83.127063, 39.791505, -83.008394, 39.9074412], 'properties': {}}",,city
0da8a6c990f02eed,"Orland Park, IL",0da8a6c990f02eed,[],,,"{'type': 'Feature', 'bbox': [-87.911936, 41.552464, -87.790471, 41.65669], 'properties': {}}",,city
5ef5b7f391e30aff,"Berkeley, CA",5ef5b7f391e30aff,[],,,"{'type': 'Feature', 'bbox': [-122.324818, 37.8459532, -122.234225, 37.905738], 'properties': {}}",,city
29a119f18820c3ad,"Frontenac, MO",29a119f18820c3ad,[],,,"{'type': 'Feature', 'bbox': [-90.433909, 38.606163, -90.405462, 38.647891], 'properties': {}}",,city
9807c5c5f7a2c6ce,"Minnesota, USA",9807c5c5f7a2c6ce,[],,,"{'type': 'Feature', 'bbox': [-97.239256, 43.499362, -89.483385, 49.384359], 'properties': {}}",,admin
00ab941b685334e3,"Nashville, TN",00ab941b685334e3,[],,,"{'type': 'Feature', 'bbox': [-87.022482, 35.9945681, -86.560616, 36.405448], 'properties': {}}",,city
840f120ae56c1da7,"Napa, CA",840f120ae56c1da7,[],,,"{'type': 'Feature', 'bbox': [-122.358011, 38.243267, -122.254517, 38.350876], 'properties': {}}",,city
103920dc0314e000,NJ Memory Center,103920dc0314e000,[],,,"{'type': 'Feature', 'bbox': [-74.229901, 40.828043, -74.229901, 40.828043], 'properties': {}}",,poi
3fdd3a62ae058de9,"Wilkes-Barre, PA",3fdd3a62ae058de9,[],,,"{'type': 'Feature', 'bbox': [-75.924804, 41.215416, -75.8267555, 41.272993], 'properties': {}}",,city
01584ae34a2fc8c9,"Farmington, CT",01584ae34a2fc8c9,[],,,"{'type': 'Feature', 'bbox': [-72.909856, 41.686204, -72.7613122, 41.776259], 'properties': {}}",,city
3c17146a8c4f3c57,"New Richmond, WI",3c17146a8c4f3c57,[],,,"{'type': 'Feature', 'bbox': [-92.5701274, 45.0989308, -92.507083, 45.137293], 'properties': {}}",,city
61f73dd1739509f0,"Upper Arlington, OH",61f73dd1739509f0,[],,,"{'type': 'Feature', 'bbox': [-83.104102, 39.989304, -83.042267, 40.063889], 'properties': {}}",,city
3b77caf94bfc81fe,"Los Angeles, CA",3b77caf94bfc81fe,[],,,"{'type': 'Feature', 'bbox': [-118.668404, 33.704538, -118.155409, 34.337041], 'properties': {}}",,city
b0b79caecef59fb5,"Burbank, CA",b0b79caecef59fb5,[],,,"{'type': 'Feature', 'bbox': [-118.37032, 34.1426298, -118.2799703, 34.2216898], 'properties': {}}",,city
07d9d92385c81000,East Providence City Hall,07d9d92385c81000,[],,,"{'type': 'Feature', 'bbox': [-71.37598838618106, 41.819669181064384, -71.37598838618106, 41.819669181064384], 'properties': {}}",,poi
1994142e26ba7127,"Davis, CA",1994142e26ba7127,[],,,"{'type': 'Feature', 'bbox': [-121.803252, 38.526843, -121.675074, 38.590264], 'properties': {}}",,city
5a110d312052166f,"San Francisco, CA",5a110d312052166f,[],,,"{'type': 'Feature', 'bbox': [-122.514926, 37.708075, -122.357031, 37.833238], 'properties': {}}",,city
83f591d18ca28d00,"Shaler Township, PA",83f591d18ca28d00,[],,,"{'type': 'Feature', 'bbox': [-79.988653, 40.4784445, -79.9022372, 40.56368], 'properties': {}}",,city
009243ac50ad0f26,"West Sacramento, CA",009243ac50ad0f26,[],,,"{'type': 'Feature', 'bbox': [-121.584282, 38.516197, -121.506483, 38.603777], 'properties': {}}",,city
2bc7c264a080898b,"Hollywood, FL",2bc7c264a080898b,[],,,"{'type': 'Feature', 'bbox': [-80.248975, 25.9862279, -80.107808, 26.093132], 'properties': {}}",,city
67b98f17fdcf20be,"Boston, MA",67b98f17fdcf20be,[],,,"{'type': 'Feature', 'bbox': [-71.191421, 42.227797, -70.986004, 42.399542], 'properties': {}}",,city
e0060cda70f5f341,"Texas, USA",e0060cda70f5f341,[],,,"{'type': 'Feature', 'bbox': [-106.645646, 25.837092, -93.508131, 36.500695], 'properties': {}}",,admin
a2de7c70b82b0ca0,"Los Gatos, CA",a2de7c70b82b0ca0,[],,,"{'type': 'Feature', 'bbox': [-121.997026, 37.205924, -121.905719, 37.265466], 'properties': {}}",,city
01cb573821d94344,"Queen Creek, AZ",01cb573821d94344,[],,,"{'type': 'Feature', 'bbox': [-111.6863139, 33.196614, -111.582748, 33.2881266], 'properties': {}}",,city
010ca0c52ba7443f,"Lenexa, KS",010ca0c52ba7443f,[],,,"{'type': 'Feature', 'bbox': [-94.8442025, 38.915313, -94.704952, 38.993369], 'properties': {}}",,city
38109314e8d0ee2f,"Roseville, CA",38109314e8d0ee2f,[],,,"{'type': 'Feature', 'bbox': [-121.385009, 38.716061, -121.216452, 38.8102595], 'properties': {}}",,city
dc62519fda13b4ec,"Tampa, FL",dc62519fda13b4ec,[],,,"{'type': 'Feature', 'bbox': [-82.620093, 27.821353, -82.2652945, 28.171836], 'properties': {}}",,city
28ace6b8d6dbc3af,"Chula Vista, CA",28ace6b8d6dbc3af,[],,,"{'type': 'Feature', 'bbox': [-117.117116, 32.582128, -116.9278103, 32.685406], 'properties': {}}",,city
92b2158a6d509767,"Ann Arbor, MI",92b2158a6d509767,[],,,"{'type': 'Feature', 'bbox': [-83.800262, 42.215087, -83.659681, 42.326592], 'properties': {}}",,city
016cbdbf2007ee0f,"Saylorville, IA",016cbdbf2007ee0f,[],,,"{'type': 'Feature', 'bbox': [-93.668421, 41.636286, -93.581216, 41.703815], 'properties': {}}",,city
7d62cffe6f98f349,"San Jose, CA",7d62cffe6f98f349,[],,,"{'type': 'Feature', 'bbox': [-122.035311, 37.193164, -121.71215, 37.469154], 'properties': {}}",,city
84229b03659050aa,"Virginia Beach, VA",84229b03659050aa,[],,,"{'type': 'Feature', 'bbox': [-76.22808, 36.672684, -75.9118121, 36.932399], 'properties': {}}",,city
e4a0d228eb6be76b,"Philadelphia, PA",e4a0d228eb6be76b,[],,,"{'type': 'Feature', 'bbox': [-75.280284, 39.871811, -74.955712, 40.13792], 'properties': {}}",,city
625eb47b5e233645,"Des Moines, WA",625eb47b5e233645,[],,,"{'type': 'Feature', 'bbox': [-122.3357856, 47.3403908, -122.291094, 47.431114], 'properties': {}}",,city
a592bd6ceb1319f7,"San Diego, CA",a592bd6ceb1319f7,[],,,"{'type': 'Feature', 'bbox': [-117.282538, 32.53962, -116.9274403, 33.0804044], 'properties': {}}",,city
01c060cf466c6ce3,"Long Beach, CA",01c060cf466c6ce3,[],,,"{'type': 'Feature', 'bbox': [-118.250227, 33.732905, -118.0631938, 33.885438], 'properties': {}}",,city
432daa3153c5fef9,"San Mateo, CA",432daa3153c5fef9,[],,,"{'type': 'Feature', 'bbox': [-122.355038, 37.512567, -122.275805, 37.592395], 'properties': {}}",,city
109c45583c14f000,Museumlab,109c45583c14f000,[],,,"{'type': 'Feature', 'bbox': [-80.005396, 40.453073, -80.005396, 40.453073], 'properties': {}}",,poi
42e46bc3663a4b5f,"Fort Worth, TX",42e46bc3663a4b5f,[],,,"{'type': 'Feature', 'bbox': [-97.538285, 32.569477, -97.033542, 32.990456], 'properties': {}}",,city
7a41192a2879ee24,"Sugar Land, TX",7a41192a2879ee24,[],,,"{'type': 'Feature', 'bbox': [-95.686106, 29.5433718, -95.5772726, 29.663556], 'properties': {}}",,city
17a83a55221b0671,"Myrtle Beach, SC",17a83a55221b0671,[],,,"{'type': 'Feature', 'bbox': [-78.991697, 33.617059, -78.766035, 33.7897222], 'properties': {}}",,city
5c62ffb0f0f3479d,"Phoenix, AZ",5c62ffb0f0f3479d,[],,,"{'type': 'Feature', 'bbox': [-112.3239143, 33.29026, -111.9254391, 33.8154652], 'properties': {}}",,city
07ff830817b8e718,"Mesquite, TX",07ff830817b8e718,[],,,"{'type': 'Feature', 'bbox': [-96.683671, 32.700664, -96.520614, 32.8492108], 'properties': {}}",,city
52445186970bafb3,"Chandler, AZ",52445186970bafb3,[],,,"{'type': 'Feature', 'bbox': [-111.972849, 33.2037607, -111.788898, 33.36114], 'properties': {}}",,city
ebd427773b31cb21,"Pittsburg, CA",ebd427773b31cb21,[],,,"{'type': 'Feature', 'bbox': [-121.987421, 37.989865, -121.8332676, 38.043639], 'properties': {}}",,city
0128a31e4b8eea93,"Cascades, VA",0128a31e4b8eea93,[],,,"{'type': 'Feature', 'bbox': [-77.40747, 39.021548, -77.361724, 39.06483], 'properties': {}}",,city
9a99329bbb5d8bba,"Paradise Valley, AZ",9a99329bbb5d8bba,[],,,"{'type': 'Feature', 'bbox': [-112.014232, 33.508746, -111.916817, 33.582629], 'properties': {}}",,city
01c3ab0d7323b99b,"Cardiff, NJ",01c3ab0d7323b99b,[],,,"{'type': 'Feature', 'bbox': [-74.673735, 39.3352, -74.550754, 39.44434], 'properties': {}}",,city
7df9a00dcf914d5e,"Plantation, FL",7df9a00dcf914d5e,[],,,"{'type': 'Feature', 'bbox': [-80.330201, 26.088262, -80.1968332, 26.160753], 'properties': {}}",,city
019057df2bbee4e5,"Powell, OH",019057df2bbee4e5,[],,,"{'type': 'Feature', 'bbox': [-83.139191, 40.137232, -83.031264, 40.217862], 'properties': {}}",,city
a35b62af9d82aa08,"Walnut Creek, CA",a35b62af9d82aa08,[],,,"{'type': 'Feature', 'bbox': [-122.10003, 37.842368, -121.980829, 37.944965], 'properties': {}}",,city
c200b23c6b2eb238,"Simpsonville, SC",c200b23c6b2eb238,[],,,"{'type': 'Feature', 'bbox': [-82.356456, 34.6513622, -82.199237, 34.786946], 'properties': {}}",,city
07d9cb9869483002,MGH Simches Research Building,07d9cb9869483002,[],,,"{'type': 'Feature', 'bbox': [-71.06594301525203, 42.36169122894269, -71.06594301525203, 42.36169122894269], 'properties': {}}",,poi
07d9dbc504c87001,Charlestown Navy Yard,07d9dbc504c87001,[],,,"{'type': 'Feature', 'bbox': [-71.05415225028992, 42.3745881380227, -71.05415225028992, 42.3745881380227], 'properties': {}}",,poi
07d9c9494b888000,Indianapolis Museum of Art (IMA),07d9c9494b888000,[],,,"{'type': 'Feature', 'bbox': [-86.18509509939211, 39.825586763866156, -86.18509509939211, 39.825586763866156], 'properties': {}}",,poi
19a45d735673b64d,"Alamogordo, NM",19a45d735673b64d,[],,,"{'type': 'Feature', 'bbox': [-106.002737, 32.8445078, -105.904921, 32.946457], 'properties': {}}",,city
7dda05213481260c,"Gainesville, FL",7dda05213481260c,[],,,"{'type': 'Feature', 'bbox': [-82.421473, 29.600496, -82.239066, 29.745847], 'properties': {}}",,city
0633ab4aa27b0bf7,"Waltham, MA",0633ab4aa27b0bf7,[],,,"{'type': 'Feature', 'bbox': [-71.289902, 42.352885, -71.194241, 42.436021], 'properties': {}}",,city
4b58830723ec6371,"Santa Clara, CA",4b58830723ec6371,[],,,"{'type': 'Feature', 'bbox': [-122.005597, 37.322943, -121.930045, 37.419037], 'properties': {}}",,city
1c69a67ad480e1b1,"Houston, TX",1c69a67ad480e1b1,[],,,"{'type': 'Feature', 'bbox': [-95.823268, 29.522325, -95.069705, 30.1546646], 'properties': {}}",,city
1d9a5370a355ab0c,"Chicago, IL",1d9a5370a355ab0c,[],,,"{'type': 'Feature', 'bbox': [-87.940033, 41.644102, -87.523993, 42.0230669], 'properties': {}}",,city
aab15d455af4dcc9,"Brent, FL",aab15d455af4dcc9,[],,,"{'type': 'Feature', 'bbox': [-87.285468, 30.437965, -87.218996, 30.504789], 'properties': {}}",,city
9f4583bf6dae13c4,"Springfield, MA",9f4583bf6dae13c4,[],,,"{'type': 'Feature', 'bbox': [-72.620117, 42.06398, -72.471052, 42.162145], 'properties': {}}",,city
7eba31f60a59aa24,"Tonawanda, NY",7eba31f60a59aa24,[],,,"{'type': 'Feature', 'bbox': [-78.941453, 42.955994, -78.822147, 43.0313345], 'properties': {}}",,city
4ccb1b26b2b91248,"San Ramon, CA",4ccb1b26b2b91248,[],,,"{'type': 'Feature', 'bbox': [-122.004255, 37.721286, -121.8789037, 37.795164], 'properties': {}}",,city
94965b2c45386f87,"New York, USA",94965b2c45386f87,[],,,"{'type': 'Feature', 'bbox': [-79.76259, 40.477383, -71.777492, 45.015851], 'properties': {}}",,admin
0fc2e88879942000,Irvine Marriott,0fc2e88879942000,[],,,"{'type': 'Feature', 'bbox': [-117.8497412, 33.6783214, -117.8497412, 33.6783214], 'properties': {}}",,poi
3d533362cdab8107,"Irvine, CA",3d533362cdab8107,[],,,"{'type': 'Feature', 'bbox': [-117.86894, 33.606077, -117.695781, 33.773387], 'properties': {}}",,city
015b41f2459305d0,"Blasdell, NY",015b41f2459305d0,[],,,"{'type': 'Feature', 'bbox': [-78.864178, 42.767924, -78.789953, 42.806852], 'properties': {}}",,city
e377d01511c771b4,"Sebastian, FL",e377d01511c771b4,[],,,"{'type': 'Feature', 'bbox': [-80.5505, 27.730365, -80.437398, 27.835385], 'properties': {}}",,city
07d9d29f8b883003,Emory Conference Center Hotel,07d9d29f8b883003,[],,,"{'type': 'Feature', 'bbox': [-84.324207, 33.801574, -84.324207, 33.801574], 'properties': {}}",,poi
7cb7440bcf83d464,"Tempe, AZ",7cb7440bcf83d464,[],,,"{'type': 'Feature', 'bbox': [-111.979047, 33.3199453, -111.877237, 33.465823], 'properties': {}}",,city
2ceac98ca57995e2,"Hartsdale, NY",2ceac98ca57995e2,[],,,"{'type': 'Feature', 'bbox': [-73.826857, 41.001752, -73.783178, 41.039606], 'properties': {}}",,city
c0b8e8dc81930292,"Baltimore, MD",c0b8e8dc81930292,[],,,"{'type': 'Feature', 'bbox': [-76.7115205, 39.197211, -76.529443, 39.372215], 'properties': {}}",,city
3df4f427b5a60fea,"San Antonio, TX",3df4f427b5a60fea,[],,,"{'type': 'Feature', 'bbox': [-98.778559, 29.141956, -98.302744, 29.693046], 'properties': {}}",,city
b71fac2ee9792cbe,"Sacramento, CA",b71fac2ee9792cbe,[],,,"{'type': 'Feature', 'bbox': [-121.576613, 38.43792, -121.362715, 38.6855236], 'properties': {}}",,city
dd9c503d6c35364b,"Pennsylvania, USA",dd9c503d6c35364b,[],,,"{'type': 'Feature', 'bbox': [-80.519851, 39.719801, -74.689517, 42.516072], 'properties': {}}",,admin
24a53a1880093fa9,"Winston-Salem, NC",24a53a1880093fa9,[],,,"{'type': 'Feature', 'bbox': [-80.389019, 35.9341262, -80.100949, 36.240211], 'properties': {}}",,city
d73cbce54317ffaa,"Westmont, IL",d73cbce54317ffaa,[],,,"{'type': 'Feature', 'bbox': [-87.9942499, 41.7637894, -87.9453887, 41.8250158], 'properties': {}}",,city
a6af648ddff22b3b,"Streamwood, IL",a6af648ddff22b3b,[],,,"{'type': 'Feature', 'bbox': [-88.230526, 41.989279, -88.138345, 42.066971], 'properties': {}}",,city
b8018050c8b66e62,"South Charleston, WV",b8018050c8b66e62,[],,,"{'type': 'Feature', 'bbox': [-81.753526, 38.305259, -81.6685409, 38.37459], 'properties': {}}",,city
90c543b181a7c56e,"Statesboro, GA",90c543b181a7c56e,[],,,"{'type': 'Feature', 'bbox': [-81.869986, 32.3604626, -81.731171, 32.520558], 'properties': {}}",,city
0570f015c264cbd9,"St Louis, MO",0570f015c264cbd9,[],,,"{'type': 'Feature', 'bbox': [-90.3205158, 38.5331934, -90.175132, 38.774349], 'properties': {}}",,city
7021e749f1518e43,"Peoria Heights, IL",7021e749f1518e43,[],,,"{'type': 'Feature', 'bbox': [-89.591033, 40.728668, -89.552232, 40.7610612], 'properties': {}}",,city
4eaabc683e109220,"Drexel Hill, PA",4eaabc683e109220,[],,,"{'type': 'Feature', 'bbox': [-75.331497, 39.911076, -75.282044, 39.964566], 'properties': {}}",,city
fbd6d2f5a4e4a15e,"California, USA",fbd6d2f5a4e4a15e,[],,,"{'type': 'Feature', 'bbox': [-124.482003, 32.528832, -114.131212, 42.009519], 'properties': {}}",,admin
e0a72e719203f0a5,"Fort Thomas, KY",e0a72e719203f0a5,[],,,"{'type': 'Feature', 'bbox': [-84.4753375, 39.0511926, -84.432547, 39.1114638], 'properties': {}}",,city
6417871953fa5e86,"Silver Spring, MD",6417871953fa5e86,[],,,"{'type': 'Feature', 'bbox': [-77.064086, 38.979735, -76.97162, 39.036964], 'properties': {}}",,city
7d0b9a4c14df7467,"Flagler Beach, FL",7d0b9a4c14df7467,[],,,"{'type': 'Feature', 'bbox': [-81.152972, 29.421544, -81.10197, 29.509396], 'properties': {}}",,city
00bd609424733145,"North Canton, OH",00bd609424733145,[],,,"{'type': 'Feature', 'bbox': [-81.442077, 40.8531291, -81.323313, 40.917247], 'properties': {}}",,city
e86b380cfefcced5,"Connecticut, USA",e86b380cfefcced5,[],,,"{'type': 'Feature', 'bbox': [-73.727776, 40.950918, -71.786994, 42.050588], 'properties': {}}",,admin
836f33ea3edf2a95,"Kinnelon, NJ",836f33ea3edf2a95,[],,,"{'type': 'Feature', 'bbox': [-74.429657, 40.9580228, -74.330977, 41.0330328], 'properties': {}}",,city
00efea4f0eed2bc6,"Harrison, NY",00efea4f0eed2bc6,[],,,"{'type': 'Feature', 'bbox': [-73.753788, 40.959134, -73.684613, 41.079457], 'properties': {}}",,city
e21c8e4914eef2b3,"Colorado, USA",e21c8e4914eef2b3,[],,,"{'type': 'Feature', 'bbox': [-109.060257, 36.992427, -102.041524, 41.003445], 'properties': {}}",,admin
dc25bb079ef6daf2,"Anderson, IN",dc25bb079ef6daf2,[],,,"{'type': 'Feature', 'bbox': [-85.7494184, 40.031713, -85.5958361, 40.179084], 'properties': {}}",,city
07d9ea7128082001,CMG 95.7FM AM1290 News Talk Radio WHIO,07d9ea7128082001,[],,,"{'type': 'Feature', 'bbox': [-84.18646583141127, 39.7368926930025, -84.18646583141127, 39.7368926930025], 'properties': {}}",,poi
5d7310873de470f7,"Keene, NH",5d7310873de470f7,[],,,"{'type': 'Feature', 'bbox': [-72.347356, 42.9109548, -72.2219364, 42.982474], 'properties': {}}",,city
99700cd6fc455c13,"Hammond, IN",99700cd6fc455c13,[],,,"{'type': 'Feature', 'bbox': [-87.525341, 41.566265, -87.432288, 41.710116], 'properties': {}}",,city
319ee7b36c9149da,"Arlington, VA",319ee7b36c9149da,[],,,"{'type': 'Feature', 'bbox': [-77.172219, 38.827378, -77.031779, 38.934311], 'properties': {}}",,city
3b0eea538598dc42,"Novato, CA",3b0eea538598dc42,[],,,"{'type': 'Feature', 'bbox': [-122.62422, 38.039015, -122.486658, 38.147701], 'properties': {}}",,city
00c44eeb126d2fcd,"Round Rock, TX",00c44eeb126d2fcd,[],,,"{'type': 'Feature', 'bbox': [-97.755394, 30.4684424, -97.59007, 30.5702392], 'properties': {}}",,city
7dabbf75534f6cee,"Amherst, NY",7dabbf75534f6cee,[],,,"{'type': 'Feature', 'bbox': [-78.832497, 42.948903, -78.696766, 43.06933], 'properties': {}}",,city
3e94c70e7a8a35d3,"Reading, PA",3e94c70e7a8a35d3,[],,,"{'type': 'Feature', 'bbox': [-75.95954, 40.29676, -75.890503, 40.371477], 'properties': {}}",,city
daa5fcec75a430ae,"Porterville, CA",daa5fcec75a430ae,[],,,"{'type': 'Feature', 'bbox': [-119.080552, 36.029555, -118.977713, 36.1199948], 'properties': {}}",,city
07d9e8892d082000,IUPUI: Hine Hall (IP),07d9e8892d082000,[],,,"{'type': 'Feature', 'bbox': [-86.17381511645246, 39.77534038837763, -86.17381511645246, 39.77534038837763], 'properties': {}}",,poi
b0ccc334a6d569d3,"Yountville, CA",b0ccc334a6d569d3,[],,,"{'type': 'Feature', 'bbox': [-122.384084, 38.380206, -122.349882, 38.413965], 'properties': {}}",,city
000a29244ff01635,"Falmouth, ME",000a29244ff01635,[],,,"{'type': 'Feature', 'bbox': [-70.281704, 43.692941, -70.197961, 43.748681], 'properties': {}}",,city
0135cc8347e0b8f2,"Cohasset, MA",0135cc8347e0b8f2,[],,,"{'type': 'Feature', 'bbox': [-70.8493, 42.203263, -70.782365, 42.264849], 'properties': {}}",,city
004e10e27b41078d,"Campton Hills, IL",004e10e27b41078d,[],,,"{'type': 'Feature', 'bbox': [-88.4581846, 41.9062784, -88.374331, 41.9875081], 'properties': {}}",,city
07d9dafb0d885000,George Bush Intercontinental Airport (IAH),07d9dafb0d885000,[],,,"{'type': 'Feature', 'bbox': [-95.34154415130615, 29.986479016260077, -95.34154415130615, 29.986479016260077], 'properties': {}}",,poi
0f804188bb25fc47,"Hampton Township, PA",0f804188bb25fc47,[],,,"{'type': 'Feature', 'bbox': [-79.991296, 40.553675, -79.8886615, 40.616608], 'properties': {}}",,city
e41805d7248dbf1e,"Modesto, CA",e41805d7248dbf1e,[],,,"{'type': 'Feature', 'bbox': [-121.074342, 37.59485, -120.900594, 37.732784], 'properties': {}}",,city
7d51c8dfbb08a9de,"Redding, CA",7d51c8dfbb08a9de,[],,,"{'type': 'Feature', 'bbox': [-122.452708, 40.456935, -122.267398, 40.651054], 'properties': {}}",,city
781e991b9f95b37f,"Romulus, MI",781e991b9f95b37f,[],,,"{'type': 'Feature', 'bbox': [-83.446302, 42.179271, -83.306006, 42.268212], 'properties': {}}",,city
531a6942bb8056b9,"Charlottesville, VA",531a6942bb8056b9,[],,,"{'type': 'Feature', 'bbox': [-78.528507, 38.009553, -78.446389, 38.07052], 'properties': {}}",,city
d6819fe60643ebc1,"Alexandria, VA",d6819fe60643ebc1,[],,,"{'type': 'Feature', 'bbox': [-77.144435, 38.789907, -77.037304, 38.8448531], 'properties': {}}",,city
00a4bbcc0dcd7572,"College Station, TX",00a4bbcc0dcd7572,[],,,"{'type': 'Feature', 'bbox': [-96.37703, 30.520359, -96.206267, 30.6505837], 'properties': {}}",,city
309e4f83032e9413,"Discovery Bay, CA",309e4f83032e9413,[],,,"{'type': 'Feature', 'bbox': [-121.6414764, 37.889142, -121.586181, 37.932788], 'properties': {}}",,city
252db32a3bbc79c2,"Danville, IL",252db32a3bbc79c2,[],,,"{'type': 'Feature', 'bbox': [-87.722497, 40.1049558, -87.53169, 40.204494], 'properties': {}}",,city
07d9d22ffec81000,Montgomery College Cultural Arts Center,07d9d22ffec81000,[],,,"{'type': 'Feature', 'bbox': [-77.02630689465173, 38.98684175431501, -77.02630689465173, 38.98684175431501], 'properties': {}}",,poi
06d6054b42e6575f,"Olathe, KS",06d6054b42e6575f,[],,,"{'type': 'Feature', 'bbox': [-94.901766, 38.825503, -94.714404, 38.9477434], 'properties': {}}",,city
07d9c928b7482000,Hilton Austin,07d9c928b7482000,[],,,"{'type': 'Feature', 'bbox': [-97.7386541, 30.2654213, -97.7386541, 30.2654213], 'properties': {}}",,poi
6af99a29bfae42a2,"Downers Grove, IL",6af99a29bfae42a2,[],,,"{'type': 'Feature', 'bbox': [-88.0966885, 41.744098, -87.9833145, 41.8390701], 'properties': {}}",,city
b046074b1030a44d,"Jersey City, NJ",b046074b1030a44d,[],,,"{'type': 'Feature', 'bbox': [-74.107995, 40.666879, -74.0253309, 40.769124], 'properties': {}}",,city
e2f1b549a3c91df8,"Bellview, FL",e2f1b549a3c91df8,[],,,"{'type': 'Feature', 'bbox': [-87.345259, 30.431912, -87.272194, 30.4933717], 'properties': {}}",,city
7142eb97ae21e839,"Georgia, USA",7142eb97ae21e839,[],,,"{'type': 'Feature', 'bbox': [-85.605166, 30.355644, -80.742567, 35.000771], 'properties': {}}",,admin
01fbe706f872cb32,"Washington, DC",01fbe706f872cb32,[],,,"{'type': 'Feature', 'bbox': [-77.119401, 38.801826, -76.909396, 38.9953797], 'properties': {}}",,city
7f061ded71fdc974,"Montgomery, AL",7f061ded71fdc974,[],,,"{'type': 'Feature', 'bbox': [-86.418059, 32.2845933, -86.071398, 32.443697], 'properties': {}}",,city
077e6b03695c28ee,"Falls Church, VA",077e6b03695c28ee,[],,,"{'type': 'Feature', 'bbox': [-77.19419, 38.8722664, -77.149803, 38.8962963], 'properties': {}}",,city
44d207663001f00b,"Mesa, AZ",44d207663001f00b,[],,,"{'type': 'Feature', 'bbox': [-111.894548, 33.306275, -111.5805834, 33.505234], 'properties': {}}",,city
04cb31bae3b3af93,"Miami, FL",04cb31bae3b3af93,[],,,"{'type': 'Feature', 'bbox': [-80.321683, 25.7090404, -80.144974, 25.855667], 'properties': {}}",,city
9ea56e2dd549b99e,"Port Charlotte, FL",9ea56e2dd549b99e,[],,,"{'type': 'Feature', 'bbox': [-82.174795, 26.953081, -82.057555, 27.032115], 'properties': {}}",,city
01693a337224bad0,"Winfield, IL",01693a337224bad0,[],,,"{'type': 'Feature', 'bbox': [-88.2038872, 41.8273068, -88.1244242, 41.901705], 'properties': {}}",,city
c2630fdbc658652c,"Lake Morton-Berrydale, WA",c2630fdbc658652c,[],,,"{'type': 'Feature', 'bbox': [-122.177075, 47.297597, -122.0443081, 47.363783], 'properties': {}}",,city
0fc342e0b995e000,Lighthouse Cafe and Stuff,0fc342e0b995e000,[],,,"{'type': 'Feature', 'bbox': [-80.8978810620419, 34.17907039264563, -80.8978810620419, 34.17907039264563], 'properties': {}}",,poi
a612c69b44b2e5da,"Arizona, USA",a612c69b44b2e5da,[],,,"{'type': 'Feature', 'bbox': [-114.818269, 31.3322463, -109.0451527, 37.004261], 'properties': {}}",,admin
59612bd882018c51,"Santa Monica, CA",59612bd882018c51,[],,,"{'type': 'Feature', 'bbox': [-118.5173575, 33.9951771, -118.443482, 34.050199], 'properties': {}}",,city
e4f5e6a715f4c8cd,"Westfield, IN",e4f5e6a715f4c8cd,[],,,"{'type': 'Feature', 'bbox': [-86.183588, 39.999226, -86.089631, 40.072257], 'properties': {}}",,city
90eed94925e42147,"Salem, MA",90eed94925e42147,[],,,"{'type': 'Feature', 'bbox': [-70.950694, 42.48393, -70.864351, 42.546174], 'properties': {}}",,city
6a0a3474d8c5113c,"El Paso, TX",6a0a3474d8c5113c,[],,,"{'type': 'Feature', 'bbox': [-106.634874, 31.6206683, -106.199987, 31.966068], 'properties': {}}",,city
8eccead85cc1b6c0,"Folsom, CA",8eccead85cc1b6c0,[],,,"{'type': 'Feature', 'bbox': [-121.260264, 38.621443, -121.085432, 38.7143308], 'properties': {}}",,city
d3a7f19316bddcf6,"Clovis, CA",d3a7f19316bddcf6,[],,,"{'type': 'Feature', 'bbox': [-119.732263, 36.782957, -119.540115, 36.878641], 'properties': {}}",,city
64aae9a83cec5e89,"Erlanger, KY",64aae9a83cec5e89,[],,,"{'type': 'Feature', 'bbox': [-84.6219331, 38.97331, -84.532596, 39.062061], 'properties': {}}",,city
9f2cf908e8d73cd6,"Whitefish Bay, WI",9f2cf908e8d73cd6,[],,,"{'type': 'Feature', 'bbox': [-87.913628, 43.098682, -87.876343, 43.134926], 'properties': {}}",,city
014459087dde32e5,"East Lyme, CT",014459087dde32e5,[],,,"{'type': 'Feature', 'bbox': [-72.33355, 41.277886, -72.182279, 41.429298], 'properties': {}}",,city
07d9c925f7481000,Los Angeles Convention Center,07d9c925f7481000,[],,,"{'type': 'Feature', 'bbox': [-118.27020406723022, 34.040889448752345, -118.27020406723022, 34.040889448752345], 'properties': {}}",,poi
746cc5651750e057,"South San Francisco, CA",746cc5651750e057,[],,,"{'type': 'Feature', 'bbox': [-122.471871, 37.6345111, -122.374366, 37.683086], 'properties': {}}",,city
01597161672b6499,"Methuen Town, MA",01597161672b6499,[],,,"{'type': 'Feature', 'bbox': [-71.2559376, 42.6704, -71.115547, 42.794273], 'properties': {}}",,city
1661ada9b2b18024,"Wichita, KS",1661ada9b2b18024,[],,,"{'type': 'Feature', 'bbox': [-97.5349059, 37.562483, -97.152924, 37.80531], 'properties': {}}",,city
00c001194c5e8764,"Macomb, MI",00c001194c5e8764,[],,,"{'type': 'Feature', 'bbox': [-82.976654, 42.6278013, -82.855781, 42.716853], 'properties': {}}",,city
07d9e5a418087000,JW Marriott Gold Ballroom,07d9e5a418087000,[],,,"{'type': 'Feature', 'bbox': [-118.26839587740405, 34.04548119532389, -118.26839587740405, 34.04548119532389], 'properties': {}}",,poi
0bfb394e0e54d000,InterContinental Los Angeles Downtown,0bfb394e0e54d000,[],,,"{'type': 'Feature', 'bbox': [-118.2602996, 34.0501365, -118.2602996, 34.0501365], 'properties': {}}",,poi
45cadd6ef118ec9f,"Sunnyvale, CA",45cadd6ef118ec9f,[],,,"{'type': 'Feature', 'bbox': [-122.065206, 37.3300682, -121.982475, 37.4267257], 'properties': {}}",,city
6ffcf3b0b904bbcb,"Kentucky, USA",6ffcf3b0b904bbcb,[],,,"{'type': 'Feature', 'bbox': [-89.57151, 36.497129, -81.964971, 39.147359], 'properties': {}}",,admin
7ca9cc3e813b1534,"Park Ridge, IL",7ca9cc3e813b1534,[],,,"{'type': 'Feature', 'bbox': [-87.870332, 41.984433, -87.816262, 42.047178], 'properties': {}}",,city
67d92742f1ebf307,"Michigan, USA",67d92742f1ebf307,[],,,"{'type': 'Feature', 'bbox': [-90.4181075, 41.696088, -82.122971, 48.306272], 'properties': {}}",,admin
1c73ebb264e145ee,"Louisiana, USA",1c73ebb264e145ee,[],,,"{'type': 'Feature', 'bbox': [-94.043628, 28.855128, -88.758389, 33.019544], 'properties': {}}",,admin
4b25aded08900fd8,"Reno, NV",4b25aded08900fd8,[],,,"{'type': 'Feature', 'bbox': [-119.953849, 39.350749, -119.700515, 39.674123], 'properties': {}}",,city
7cfaf4a257bca60a,"Manteca, CA",7cfaf4a257bca60a,[],,,"{'type': 'Feature', 'bbox': [-121.300453, 37.7683759, -121.175722, 37.8645309], 'properties': {}}",,city
f1d134c7fd204d74,"Manchester, CT",f1d134c7fd204d74,[],,,"{'type': 'Feature', 'bbox': [-72.583489, 41.733619, -72.465121, 41.820226], 'properties': {}}",,city
01a0aa02181f66f1,"Piscataway, NJ",01a0aa02181f66f1,[],,,"{'type': 'Feature', 'bbox': [-74.524236, 40.506013, -74.40873, 40.597526], 'properties': {}}",,city
d2ddff69682ae534,"Montana, USA",d2ddff69682ae534,[],,,"{'type': 'Feature', 'bbox': [-116.050004, 44.35821, -104.039563, 49.00139], 'properties': {}}",,admin
ed0a823456907b4c,"Stanford, CA",ed0a823456907b4c,[],,,"{'type': 'Feature', 'bbox': [-122.191291, 37.406339, -122.149162, 37.443731], 'properties': {}}",,city
97467526c304c5db,"San Clemente, CA",97467526c304c5db,[],,,"{'type': 'Feature', 'bbox': [-117.666227, 33.386645, -117.571015, 33.490825], 'properties': {}}",,city
c9ef999877b4813e,"Vineyard Haven, MA",c9ef999877b4813e,[],,,"{'type': 'Feature', 'bbox': [-70.62084, 41.4245617, -70.586828, 41.470139], 'properties': {}}",,city
5a9de3ff3fdd849d,"Santa Rosa, CA",5a9de3ff3fdd849d,[],,,"{'type': 'Feature', 'bbox': [-122.779239, 38.396779, -122.572978, 38.507656], 'properties': {}}",,city
13f1b1eadfb47f9b,"Brookline, MA",13f1b1eadfb47f9b,[],,,"{'type': 'Feature', 'bbox': [-71.178586, 42.29466, -71.105725, 42.351818], 'properties': {}}",,city
303f3a49548d2c53,"Neptune Beach, FL",303f3a49548d2c53,[],,,"{'type': 'Feature', 'bbox': [-81.4385144, 30.3071064, -81.392075, 30.3246556], 'properties': {}}",,city
813a485b26b8dae2,"Albuquerque, NM",813a485b26b8dae2,[],,,"{'type': 'Feature', 'bbox': [-106.7916912, 35.0158912, -106.473745, 35.218114], 'properties': {}}",,city
07d9c95a34881002,Barnstable High School,07d9c95a34881002,[],,,"{'type': 'Feature', 'bbox': [-70.32120398086653, 41.654347947089946, -70.32120398086653, 41.654347947089946], 'properties': {}}",,poi
002099ae551de35c,"Somerset, NJ",002099ae551de35c,[],,,"{'type': 'Feature', 'bbox': [-74.531631, 40.4858069, -74.466896, 40.536611], 'properties': {}}",,city
6ba08e404aed471f,"Riverside, CA",6ba08e404aed471f,[],,,"{'type': 'Feature', 'bbox': [-117.523867, 33.85216, -117.271365, 34.019484], 'properties': {}}",,city
6e1e36836f2a74a9,"Port Angeles, WA",6e1e36836f2a74a9,[],,,"{'type': 'Feature', 'bbox': [-123.52563, 48.083505, -123.331735, 48.142238], 'properties': {}}",,city
9531d4e3bbafc09d,"Oklahoma City, OK",9531d4e3bbafc09d,[],,,"{'type': 'Feature', 'bbox': [-97.768683, 35.290722, -97.335639, 35.674965], 'properties': {}}",,city
a307591cd0413588,"Buffalo, NY",a307591cd0413588,[],,,"{'type': 'Feature', 'bbox': [-78.912276, 42.826008, -78.79485, 42.966451], 'properties': {}}",,city
6057f1e35bcc6c20,"South Carolina, USA",6057f1e35bcc6c20,[],,,"{'type': 'Feature', 'bbox': [-83.353955, 32.04683, -78.499301, 35.215449], 'properties': {}}",,admin
79b7e1743d576e19,"McCandless, PA",79b7e1743d576e19,[],,,"{'type': 'Feature', 'bbox': [-80.067777, 40.551872, -79.988308, 40.615881], 'properties': {}}",,city
00caf39d503a84e9,"Salisbury, MD",00caf39d503a84e9,[],,,"{'type': 'Feature', 'bbox': [-75.71412, 38.28923, -75.487032, 38.431613], 'properties': {}}",,city
07d9c94f34c84000,Health Sciences Learning Center,07d9c94f34c84000,[],,,"{'type': 'Feature', 'bbox': [-89.43005955082951, 43.077788138342484, -89.43005955082951, 43.077788138342484], 'properties': {}}",,poi
f98b35edd666d93c,"Goodlettsville, TN",f98b35edd666d93c,[],,,"{'type': 'Feature', 'bbox': [-86.741486, 36.284657, -86.670534, 36.382168], 'properties': {}}",,city
5e4b6834e36e68fa,"Corona, CA",5e4b6834e36e68fa,[],,,"{'type': 'Feature', 'bbox': [-117.672915, 33.802102, -117.498401, 33.916084], 'properties': {}}",,city
0a647303a8d68001,Grand Ballroom Hilton Doubletree,0a647303a8d68001,[],,,"{'type': 'Feature', 'bbox': [-91.66765, 41.979572, -91.66765, 41.979572], 'properties': {}}",,poi
f7eb2fa2fea288b1,"Lakewood, CO",f7eb2fa2fea288b1,[],,,"{'type': 'Feature', 'bbox': [-105.193475, 39.60973, -105.053164, 39.761974], 'properties': {}}",,city
005d61b22f3d85eb,"Mount Laurel, NJ",005d61b22f3d85eb,[],,,"{'type': 'Feature', 'bbox': [-74.9442258, 39.916215, -74.848485, 40.0003261], 'properties': {}}",,city
960993b9cfdffda9,"Bakersfield, CA",960993b9cfdffda9,[],,,"{'type': 'Feature', 'bbox': [-119.172179, 35.255821, -118.878147, 35.4379816], 'properties': {}}",,city
f9eb1e0194f99f8b,"Chesterfield, MO",f9eb1e0194f99f8b,[],,,"{'type': 'Feature', 'bbox': [-90.674747, 38.610603, -90.48775, 38.692771], 'properties': {}}",,city
a4d5a00cbd823818,"Greenwood Village, CO",a4d5a00cbd823818,[],,,"{'type': 'Feature', 'bbox': [-104.981057, 39.587505, -104.866586, 39.6530593], 'properties': {}}",,city
944c03c1d85ef480,"Fresno, CA",944c03c1d85ef480,[],,,"{'type': 'Feature', 'bbox': [-119.93251, 36.648905, -119.632419, 36.923179], 'properties': {}}",,city
f515486276aa6192,"Las Cruces, NM",f515486276aa6192,[],,,"{'type': 'Feature', 'bbox': [-106.8434266, 32.2383612, -106.63145, 32.446238], 'properties': {}}",,city
0e2242eb8691df96,"Henderson, NV",0e2242eb8691df96,[],,,"{'type': 'Feature', 'bbox': [-115.1581427, 35.917793, -114.918531, 36.094719], 'properties': {}}",,city
ce1765e3abafe93e,"Springfield, IL",ce1765e3abafe93e,[],,,"{'type': 'Feature', 'bbox': [-89.7731855, 39.673272, -89.546193, 39.87542], 'properties': {}}",,city
ac88a4f17a51c7fc,"Portland, OR",ac88a4f17a51c7fc,[],,,"{'type': 'Feature', 'bbox': [-122.7900653, 45.421863, -122.471751, 45.6509405], 'properties': {}}",,city
665409336d2b20a0,"Provo, UT",665409336d2b20a0,[],,,"{'type': 'Feature', 'bbox': [-111.740949, 40.18565, -111.602629, 40.311641], 'properties': {}}",,city
6e315e1f96e0450a,"Arlington, TX",6e315e1f96e0450a,[],,,"{'type': 'Feature', 'bbox': [-97.233811, 32.586565, -97.037464, 32.817135], 'properties': {}}",,city
3df0e3eb1e91170b,"Columbus, OH",3df0e3eb1e91170b,[],,,"{'type': 'Feature', 'bbox': [-83.200169, 39.832013, -82.7713751, 40.157354], 'properties': {}}",,city
92d35b3ae0c97732,"La Crosse, WI",92d35b3ae0c97732,[],,,"{'type': 'Feature', 'bbox': [-91.274654, 43.725479, -91.143588, 43.885808], 'properties': {}}",,city
07d9f7f7f4086001,The University of Kansas Clinical Research Center,07d9f7f7f4086001,[],,,"{'type': 'Feature', 'bbox': [-94.63737490116213, 39.0283419783022, -94.63737490116213, 39.0283419783022], 'properties': {}}",,poi
7b62343e287fb7c0,"Orange, CT",7b62343e287fb7c0,[],,,"{'type': 'Feature', 'bbox': [-73.085611, 41.245045, -72.979996, 41.31407], 'properties': {}}",,city
243f8ec5e6ee45b3,"Pewaukee, WI",243f8ec5e6ee45b3,[],,,"{'type': 'Feature', 'bbox': [-88.3043916, 43.026755, -88.185513, 43.1052532], 'properties': {}}",,city
011a173e6abede2d,"Loughman, FL",011a173e6abede2d,[],,,"{'type': 'Feature', 'bbox': [-81.5906046, 28.233452, -81.551152, 28.2596823], 'properties': {}}",,city
46bc2560c2c5e961,"West Los Angeles, Los Angeles",46bc2560c2c5e961,[],,,"{'type': 'Feature', 'bbox': [-118.401696, 34.031601, -118.3572465, 34.062964], 'properties': {}}",,neighborhood
648f332371670aae,"Green Bay, WI",648f332371670aae,[],,,"{'type': 'Feature', 'bbox': [-88.139804, 44.47174, -87.876593, 44.574607], 'properties': {}}",,city
07d9c94428482001,Bexar County Justice Center,07d9c94428482001,[],,,"{'type': 'Feature', 'bbox': [-98.49460563023821, 29.42323786718967, -98.49460563023821, 29.42323786718967], 'properties': {}}",,poi
9f23cc99c0ba48db,"Melville, NY",9f23cc99c0ba48db,[],,,"{'type': 'Feature', 'bbox': [-73.448769, 40.751317, -73.368128, 40.815432], 'properties': {}}",,city
6ce71712d41e1929,"Woodstock, IL",6ce71712d41e1929,[],,,"{'type': 'Feature', 'bbox': [-88.491765, 42.270987, -88.392355, 42.350431], 'properties': {}}",,city
ac9b9070f6d17a9a,"Nebraska, USA",ac9b9070f6d17a9a,[],,,"{'type': 'Feature', 'bbox': [-104.053515, 39.9997506, -95.30829, 43.001708], 'properties': {}}",,admin
c8b06a459cc8f78a,"SeaTac, WA",c8b06a459cc8f78a,[],,,"{'type': 'Feature', 'bbox': [-122.326102, 47.396426, -122.2668746, 47.4887404], 'properties': {}}",,city
18810aa5b43e76c7,"Dallas, TX",18810aa5b43e76c7,[],,,"{'type': 'Feature', 'bbox': [-96.977527, 32.620678, -96.54598, 33.019039], 'properties': {}}",,city
bd3d2074a33fbd06,"Oklahoma, USA",bd3d2074a33fbd06,[],,,"{'type': 'Feature', 'bbox': [-103.0026515, 33.615765, -94.431332, 37.002328], 'properties': {}}",,admin
ee4c9750e0c1f461,"Eagle, ID",ee4c9750e0c1f461,[],,,"{'type': 'Feature', 'bbox': [-116.416254, 43.662859, -116.306385, 43.720834], 'properties': {}}",,city
9a974dfc8efb32a0,"Kansas City, MO",9a974dfc8efb32a0,[],,,"{'type': 'Feature', 'bbox': [-94.733122, 38.868002, -94.3854414, 39.332095], 'properties': {}}",,city
07d9ec862b085002,St. Louis College of Pharmacy,07d9ec862b085002,[],,,"{'type': 'Feature', 'bbox': [-90.2613051017385, 38.63712385836406, -90.2613051017385, 38.63712385836406], 'properties': {}}",,poi
6a4364ea6f987c10,"Los Altos, CA",6a4364ea6f987c10,[],,,"{'type': 'Feature', 'bbox': [-122.129474, 37.329932, -122.060782, 37.406473], 'properties': {}}",,city
2dd9882dad5ba631,"University City, MO",2dd9882dad5ba631,[],,,"{'type': 'Feature', 'bbox': [-90.366578, 38.645912, -90.297186, 38.683509], 'properties': {}}",,city
018929347840059e,"Indianapolis, IN",018929347840059e,[],,,"{'type': 'Feature', 'bbox': [-86.348441, 39.631677, -85.937404, 39.927448], 'properties': {}}",,city
835f1b2948575c51,"Topeka, KS",835f1b2948575c51,[],,,"{'type': 'Feature', 'bbox': [-95.809606, 38.971524, -95.571859, 39.103634], 'properties': {}}",,city
001dfcdd3eb26fdb,"Darien, IL",001dfcdd3eb26fdb,[],,,"{'type': 'Feature', 'bbox': [-88.0306107, 41.685721, -87.9405867, 41.768777], 'properties': {}}",,city
69d9a5e713c9cba5,"Riverdale Park, MD",69d9a5e713c9cba5,[],,,"{'type': 'Feature', 'bbox': [-76.94298, 38.949706, -76.90199, 38.9755647], 'properties': {}}",,city
27485069891a7938,"New York, NY",27485069891a7938,[],,,"{'type': 'Feature', 'bbox': [-74.255641, 40.495865, -73.699793, 40.91533], 'properties': {}}",,admin
f54a2170ff4b15f7,"Illinois, USA",f54a2170ff4b15f7,[],,,"{'type': 'Feature', 'bbox': [-91.51308, 36.970298, -87.019935, 42.508303], 'properties': {}}",,admin
0118e7934cac5a2d,"Kailua, HI",0118e7934cac5a2d,[],,,"{'type': 'Feature', 'bbox': [-156.0089208, 19.615529, -155.961578, 19.7136298], 'properties': {}}",,city
015a1efa44b8123a,"Oakton, VA",015a1efa44b8123a,[],,,"{'type': 'Feature', 'bbox': [-77.395515, 38.863569, -77.253414, 38.930322], 'properties': {}}",,city
00c11996469e8af5,"Bordentown, NJ",00c11996469e8af5,[],,,"{'type': 'Feature', 'bbox': [-74.719622, 40.113799, -74.67425, 40.183634], 'properties': {}}",,city
3499e4b1d67ce535,"Wilmington, OH",3499e4b1d67ce535,[],,,"{'type': 'Feature', 'bbox': [-83.8623647, 39.4079847, -83.776472, 39.463321], 'properties': {}}",,city
6ef29a7e78ca38a5,"Milpitas, CA",6ef29a7e78ca38a5,[],,,"{'type': 'Feature', 'bbox': [-121.931305, 37.39609, -121.861025, 37.466856], 'properties': {}}",,city
0006c18b448ad428,"Fairmont, WV",0006c18b448ad428,[],,,"{'type': 'Feature', 'bbox': [-80.188998, 39.449914, -80.104137, 39.5063946], 'properties': {}}",,city
61c225139f635563,"Hartford, CT",61c225139f635563,[],,,"{'type': 'Feature', 'bbox': [-72.718386, 41.723759, -72.643547, 41.807475], 'properties': {}}",,city
27c45d804c777999,"Kansas, USA",27c45d804c777999,[],,,"{'type': 'Feature', 'bbox': [-102.051769, 36.9931101, -94.588081, 40.003282], 'properties': {}}",,admin
10de09f288b1665c,"Pasadena, CA",10de09f288b1665c,[],,,"{'type': 'Feature', 'bbox': [-118.198346, 34.117025, -118.065582, 34.237595], 'properties': {}}",,city
c833fbabba6fe48e,"Princeton, NJ",c833fbabba6fe48e,[],,,"{'type': 'Feature', 'bbox': [-74.710297, 40.3249504, -74.6197593, 40.3743499], 'properties': {}}",,city
078d435993ff02ed,"Shorewood Hills, WI",078d435993ff02ed,[],,,"{'type': 'Feature', 'bbox': [-89.46357, 43.073239, -89.428762, 43.0872941], 'properties': {}}",,city
e16e19bddd5f24b1,"Brushy Creek, TX",e16e19bddd5f24b1,[],,,"{'type': 'Feature', 'bbox': [-97.769017, 30.478998, -97.7038629, 30.539164], 'properties': {}}",,city
300bcc6e23a88361,"Seattle, WA",300bcc6e23a88361,[],,,"{'type': 'Feature', 'bbox': [-122.436232, 47.4953154, -122.2249728, 47.734319], 'properties': {}}",,city
e06ed4324b139bf2,"Cedar Rapids, IA",e06ed4324b139bf2,[],,,"{'type': 'Feature', 'bbox': [-91.7745785, 41.886245, -91.59113, 42.0668109], 'properties': {}}",,city
0fbf6b3abebf121b,"Lauderhill, FL",0fbf6b3abebf121b,[],,,"{'type': 'Feature', 'bbox': [-80.2682341, 26.1358315, -80.192482, 26.1938974], 'properties': {}}",,city
095534ad3107e0e6,"Louisville, KY",095534ad3107e0e6,[],,,"{'type': 'Feature', 'bbox': [-85.847503, 38.108678, -85.597188, 38.282432], 'properties': {}}",,city
0a7d881e35171002,Luskin Conference Center,0a7d881e35171002,[],,,"{'type': 'Feature', 'bbox': [-118.446127, 34.069235, -118.446127, 34.069235], 'properties': {}}",,poi
7c6e7f07a0fc0835,"South Burlington, VT",7c6e7f07a0fc0835,[],,,"{'type': 'Feature', 'bbox': [-73.233379, 44.408479, -73.1349014, 44.5010263], 'properties': {}}",,city
45a45eb8e30e7b14,"Little Rock, AR",45a45eb8e30e7b14,[],,,"{'type': 'Feature', 'bbox': [-92.5215951, 34.6259499, -92.1630491, 34.8178224], 'properties': {}}",,city
de599025180e2ee7,"Ohio, USA",de599025180e2ee7,[],,,"{'type': 'Feature', 'bbox': [-84.8203089, 38.403186, -80.518626, 42.327133], 'properties': {}}",,admin
2a93711775303f90,"Milwaukee, WI",2a93711775303f90,[],,,"{'type': 'Feature', 'bbox': [-88.070827, 42.920822, -87.863758, 43.1926225], 'properties': {}}",,city
322ed6e7cc8ff243,"San Rafael, CA",322ed6e7cc8ff243,[],,,"{'type': 'Feature', 'bbox': [-122.592422, 37.9426184, -122.449033, 38.030467], 'properties': {}}",,city
298bb08a9d7e64d4,"Commack, NY",298bb08a9d7e64d4,[],,,"{'type': 'Feature', 'bbox': [-73.321097, 40.803631, -73.238846, 40.880333], 'properties': {}}",,city
32bb9ace0723336d,"Crestview, FL",32bb9ace0723336d,[],,,"{'type': 'Feature', 'bbox': [-86.6350211, 30.6957571, -86.5345167, 30.805126], 'properties': {}}",,city
8193d87541f11dfb,"Cambridge, MA",8193d87541f11dfb,[],,,"{'type': 'Feature', 'bbox': [-71.160356, 42.352429, -71.064398, 42.4039663], 'properties': {}}",,city
3b98b02fba3f9753,"North Carolina, USA",3b98b02fba3f9753,[],,,"{'type': 'Feature', 'bbox': [-84.3219475, 33.752879, -75.40012, 36.588118], 'properties': {}}",,admin
f6ebc676e5cde864,"Santa Barbara, CA",f6ebc676e5cde864,[],,,"{'type': 'Feature', 'bbox': [-119.763341, 34.395525, -119.639931, 34.464245], 'properties': {}}",,city
c9f2dd04c9ba49c0,"Great Neck, NY",c9f2dd04c9ba49c0,[],,,"{'type': 'Feature', 'bbox': [-73.75756, 40.793334, -73.710409, 40.812799], 'properties': {}}",,city
6416fd85ecf9cf8b,"Palm Valley, FL",6416fd85ecf9cf8b,[],,,"{'type': 'Feature', 'bbox': [-81.429238, 30.133473, -81.36028, 30.252933], 'properties': {}}",,city
5af91023ed39df89,"Millcreek, UT",5af91023ed39df89,[],,,"{'type': 'Feature', 'bbox': [-111.921221, 40.664889, -111.839259, 40.7121472], 'properties': {}}",,city
35e409cdfaf2527a,"Webster, TX",35e409cdfaf2527a,[],,,"{'type': 'Feature', 'bbox': [-95.164345, 29.497368, -95.08994, 29.555012], 'properties': {}}",,city
012c2b170b251774,"Princeton North, NJ",012c2b170b251774,[],,,"{'type': 'Feature', 'bbox': [-74.697861, 40.352614, -74.620837, 40.393136], 'properties': {}}",,city
c47c0bc571bf5427,"Honolulu, HI",c47c0bc571bf5427,[],,,"{'type': 'Feature', 'bbox': [-157.950476, 21.254837, -157.648702, 21.38505], 'properties': {}}",,city
174309ec90de94d0,"Monrovia, CA",174309ec90de94d0,[],,,"{'type': 'Feature', 'bbox': [-118.023461, 34.099706, -117.9753567, 34.178637], 'properties': {}}",,city
6d91b7c06b86638b,"Lee's Summit, MO",6d91b7c06b86638b,[],,,"{'type': 'Feature', 'bbox': [-94.45916, 38.805502, -94.297303, 39.026684], 'properties': {}}",,city
010a69e27f641e09,"Clarksburg, MD",010a69e27f641e09,[],,,"{'type': 'Feature', 'bbox': [-77.288802, 39.2108978, -77.234993, 39.251181], 'properties': {}}",,city
cb74aaf709812e0f,"Tulsa, OK",cb74aaf709812e0f,[],,,"{'type': 'Feature', 'bbox': [-96.0656278, 35.968624, -95.761656, 36.250159], 'properties': {}}",,city
96683cc9126741d1,United States,96683cc9126741d1,[],,,"{'type': 'Feature', 'bbox': [-179.231086, 13.182335, 179.859685, 71.434357], 'properties': {}}",,country
31cb4c01e22bc01d,"Pikesville, MD",31cb4c01e22bc01d,[],,,"{'type': 'Feature', 'bbox': [-76.755731, 39.354406, -76.653005, 39.417073], 'properties': {}}",,city
ab597741c20efb2e,"Englewood, FL",ab597741c20efb2e,[],,,"{'type': 'Feature', 'bbox': [-82.402365, 26.921463, -82.298438, 27.0047936], 'properties': {}}",,city
3877d6c867447819,"Fort Wayne, IN",3877d6c867447819,[],,,"{'type': 'Feature', 'bbox': [-85.336872, 40.95926, -85.003231, 41.214574], 'properties': {}}",,city
987731fa5d6db2ba,"Lafayette, CA",987731fa5d6db2ba,[],,,"{'type': 'Feature', 'bbox': [-122.167768, 37.8500364, -122.077905, 37.9394452], 'properties': {}}",,city
3c9e627dd6b55d9e,"Santa Cruz, CA",3c9e627dd6b55d9e,[],,,"{'type': 'Feature', 'bbox': [-122.076144, 36.948098, -121.986229, 37.010652], 'properties': {}}",,city
512a8a4a4c4b4be0,"Charlotte, NC",512a8a4a4c4b4be0,[],,,"{'type': 'Feature', 'bbox': [-81.046876, 35.001706, -80.646695, 35.416412], 'properties': {}}",,city
9b381228ebd9a499,"Chico, CA",9b381228ebd9a499,[],,,"{'type': 'Feature', 'bbox': [-121.919174, 39.676071, -121.748286, 39.818003], 'properties': {}}",,city
b786b65876243328,"Mocksville, NC",b786b65876243328,[],,,"{'type': 'Feature', 'bbox': [-80.5836197, 35.8681951, -80.5133638, 35.923037], 'properties': {}}",,city
49af5b43d4963f4c,"Monterey, CA",49af5b43d4963f4c,[],,,"{'type': 'Feature', 'bbox': [-121.9270923, 36.5737723, -121.830974, 36.618826], 'properties': {}}",,city
5d9b9e66087e022c,"Portland, TN",5d9b9e66087e022c,[],,,"{'type': 'Feature', 'bbox': [-86.588603, 36.516375, -86.450411, 36.633572], 'properties': {}}",,city
07d9db099cc87000,Minnesota Public Radio - American Public Media,07d9db099cc87000,[],,,"{'type': 'Feature', 'bbox': [-93.09587307879899, 44.949349239978616, -93.09587307879899, 44.949349239978616], 'properties': {}}",,poi
70b15cd26c69f608,"Palm Beach Gardens, FL",70b15cd26c69f608,[],,,"{'type': 'Feature', 'bbox': [-80.177251, 26.7854133, -80.065807, 26.8962], 'properties': {}}",,city
b49b3053b5c25bf5,"Denver, CO",b49b3053b5c25bf5,[],,,"{'type': 'Feature', 'bbox': [-105.109815, 39.614151, -104.734372, 39.812975], 'properties': {}}",,city
01cace72701072d0,"Jefferson City, MO",01cace72701072d0,[],,,"{'type': 'Feature', 'bbox': [-92.312792, 38.484463, -92.042823, 38.620738], 'properties': {}}",,city
8e9665cec9370f0f,"Minneapolis, MN",8e9665cec9370f0f,[],,,"{'type': 'Feature', 'bbox': [-93.329515, 44.889964, -93.194578, 45.051257], 'properties': {}}",,city
e2eb5f0e0fbdb6a7,"Crawfordsville, IN",e2eb5f0e0fbdb6a7,[],,,"{'type': 'Feature', 'bbox': [-86.97071, 40.013075, -86.852546, 40.082025], 'properties': {}}",,city
8173485c72e78ca5,"Atlanta, GA",8173485c72e78ca5,[],,,"{'type': 'Feature', 'bbox': [-84.576827, 33.6475029, -84.289385, 33.8868859], 'properties': {}}",,city
3ad0f706b3fa62a8,"Palo Alto, CA",3ad0f706b3fa62a8,[],,,"{'type': 'Feature', 'bbox': [-122.190523, 37.362824, -122.097537, 37.465918], 'properties': {}}",,city
d1cd39353c51904d,"Boca Raton, FL",d1cd39353c51904d,[],,,"{'type': 'Feature', 'bbox': [-80.2039913, 26.320692, -80.065981, 26.427259], 'properties': {}}",,city
35189a8fcb82b788,"Jonesboro, AR",35189a8fcb82b788,[],,,"{'type': 'Feature', 'bbox': [-90.782468, 35.763136, -90.611214, 35.894116], 'properties': {}}",,city
6f36fc2e52870eee,"Newport News, VA",6f36fc2e52870eee,[],,,"{'type': 'Feature', 'bbox': [-76.62797, 36.960216, -76.387647, 37.220386], 'properties': {}}",,city
788d40e08cf34358,"Anchorage, KY",788d40e08cf34358,[],,,"{'type': 'Feature', 'bbox': [-85.563842, 38.248987, -85.499936, 38.297542], 'properties': {}}",,city
41f575b7eebcd4b7,"Utica, NY",41f575b7eebcd4b7,[],,,"{'type': 'Feature', 'bbox': [-75.295291, 43.050251, -75.158681, 43.189108], 'properties': {}}",,city
0beb437130b67da9,"Lee, MA",0beb437130b67da9,[],,,"{'type': 'Feature', 'bbox': [-73.289209, 42.272359, -73.203703, 42.332776], 'properties': {}}",,city
a84b808ce3f11719,"Omaha, NE",a84b808ce3f11719,[],,,"{'type': 'Feature', 'bbox': [-96.234587, 41.175884, -95.872275, 41.375558], 'properties': {}}",,city
807efdfb21bfb93f,"Winnemucca, NV",807efdfb21bfb93f,[],,,"{'type': 'Feature', 'bbox': [-117.809335, 40.907926, -117.6997673, 40.993246], 'properties': {}}",,city
397b264da04dcb2d,"Fernley, NV",397b264da04dcb2d,[],,,"{'type': 'Feature', 'bbox': [-119.284524, 39.571978, -119.135682, 39.629264], 'properties': {}}",,city
7dc5c6d3bfb10ccc,"Wisconsin, USA",7dc5c6d3bfb10ccc,[],,,"{'type': 'Feature', 'bbox': [-92.889433, 42.491921, -86.24955, 47.309715], 'properties': {}}",,admin
f995a9bd45d4a867,"Memphis, TN",f995a9bd45d4a867,[],,,"{'type': 'Feature', 'bbox': [-90.135782, 34.994192, -89.708276, 35.2728491], 'properties': {}}",,city
dbd7fea9eedaecd0,"Claremont, CA",dbd7fea9eedaecd0,[],,,"{'type': 'Feature', 'bbox': [-117.7508068, 34.0794765, -117.6815385, 34.1585563], 'properties': {}}",,city
e898916fab5ef970,"Druid Hills, GA",e898916fab5ef970,[],,,"{'type': 'Feature', 'bbox': [-84.3488546, 33.764565, -84.30578, 33.805572], 'properties': {}}",,city
07d9ecf974086001,NM State Capitol Building,07d9ecf974086001,[],,,"{'type': 'Feature', 'bbox': [-105.93922736880694, 35.682329785772694, -105.93922736880694, 35.682329785772694], 'properties': {}}",,poi
2d83c71ce16cd187,"West Virginia, USA",2d83c71ce16cd187,[],,,"{'type': 'Feature', 'bbox': [-82.644739, 37.201483, -77.7189303, 40.638802], 'properties': {}}",,admin
dd443cdeaaf05242,"West University Place, TX",dd443cdeaaf05242,[],,,"{'type': 'Feature', 'bbox': [-95.4473, 29.705996, -95.41829, 29.7255264], 'properties': {}}",,city
013e2fa93b1bd0be,"Savage, MD",013e2fa93b1bd0be,[],,,"{'type': 'Feature', 'bbox': [-76.852175, 39.120076, -76.776884, 39.179931], 'properties': {}}",,city
f3f3e88ab848b86b,"Hyattsville, MD",f3f3e88ab848b86b,[],,,"{'type': 'Feature', 'bbox': [-76.974612, 38.942717, -76.936986, 38.978966], 'properties': {}}",,city
51f91ee83c9a8b40,"Attleboro, MA",51f91ee83c9a8b40,[],,,"{'type': 'Feature', 'bbox': [-71.381702, 41.8932, -71.206616, 41.985356], 'properties': {}}",,city
00c0727b28be45c5,"North Washington, CO",00c0727b28be45c5,[],,,"{'type': 'Feature', 'bbox': [-105.006408, 39.790963, -104.9487625, 39.828323], 'properties': {}}",,city
c02e66a5016d732f,"Arvada, CO",c02e66a5016d732f,[],,,"{'type': 'Feature', 'bbox': [-105.214417, 39.783802, -105.0419599, 39.856611], 'properties': {}}",,city
44ee4fb6071b7eaa,"Slidell, LA",44ee4fb6071b7eaa,[],,,"{'type': 'Feature', 'bbox': [-89.853527, 30.235705, -89.677511, 30.36002], 'properties': {}}",,city
f546db03397f6e09,"Glenvar Heights, FL",f546db03397f6e09,[],,,"{'type': 'Feature', 'bbox': [-80.334426, 25.690519, -80.292923, 25.733912], 'properties': {}}",,city
07bc775e4f4fd66a,"Berkeley, Denver",07bc775e4f4fd66a,[],,,"{'type': 'Feature', 'bbox': [-105.053331, 39.7692964, -105.025256, 39.785131], 'properties': {}}",,neighborhood
ad4876a662119b74,"Pleasanton, CA",ad4876a662119b74,[],,,"{'type': 'Feature', 'bbox': [-121.956864, 37.621859, -121.7986057, 37.704036], 'properties': {}}",,city
0121b92345f0e2b4,"Miami Beach, FL",0121b92345f0e2b4,[],,,"{'type': 'Feature', 'bbox': [-80.147162, 25.7613083, -80.1187628, 25.872623], 'properties': {}}",,city
0c2e6999105f8070,"Anaheim, CA",0c2e6999105f8070,[],,,"{'type': 'Feature', 'bbox': [-118.017789, 33.788913, -117.684389, 33.896813], 'properties': {}}",,city
bc3a38d3d5999b4b,"Washington, USA",bc3a38d3d5999b4b,[],,,"{'type': 'Feature', 'bbox': [-124.848975, 45.543542, -116.915989, 49.0025023], 'properties': {}}",,admin
cdededdea14a77e1,"Point Pleasant Beach, NJ",cdededdea14a77e1,[],,,"{'type': 'Feature', 'bbox': [-74.057033, 40.075448, -74.031497, 40.103663], 'properties': {}}",,city
2d35518289e8d1e5,"Wheat Ridge, CO",2d35518289e8d1e5,[],,,"{'type': 'Feature', 'bbox': [-105.174724, 39.754644, -105.053213, 39.79574], 'properties': {}}",,city
c9bcc362968ea245,"Tahlequah, OK",c9bcc362968ea245,[],,,"{'type': 'Feature', 'bbox': [-95.0121283, 35.8562481, -94.932594, 35.976425], 'properties': {}}",,city
ecbe2aea853af44e,"Tallahassee, FL",ecbe2aea853af44e,[],,,"{'type': 'Feature', 'bbox': [-84.386548, 30.365093, -84.1458, 30.587338], 'properties': {}}",,city
01a19311427f5f07,"Weehawken, NJ",01a19311427f5f07,[],,,"{'type': 'Feature', 'bbox': [-74.03255, 40.757164, -74.008438, 40.780694], 'properties': {}}",,city
b46619b2722d9703,"Union City, NJ",b46619b2722d9703,[],,,"{'type': 'Feature', 'bbox': [-74.045819, 40.750571, -74.0148147, 40.782669], 'properties': {}}",,city
7ffbe5f2df7fa020,"Freehold, NJ",7ffbe5f2df7fa020,[],,,"{'type': 'Feature', 'bbox': [-74.319578, 40.2375102, -74.238132, 40.29553], 'properties': {}}",,city
47aff34722fae115,"Arlington, MA",47aff34722fae115,[],,,"{'type': 'Feature', 'bbox': [-71.2020954, 42.397429, -71.132174, 42.436652], 'properties': {}}",,city
2203fea4fe2288d3,"Kingston, RI",2203fea4fe2288d3,[],,,"{'type': 'Feature', 'bbox': [-71.578456, 41.454107, -71.493648, 41.510988], 'properties': {}}",,city
607358f5dbace76a,"Yuma, AZ",607358f5dbace76a,[],,,"{'type': 'Feature', 'bbox': [-114.710936, 32.601699, -114.458569, 32.734737], 'properties': {}}",,city
34031d61ef79585f,"Davie, FL",34031d61ef79585f,[],,,"{'type': 'Feature', 'bbox': [-80.369507, 26.0295373, -80.2008709, 26.1268035], 'properties': {}}",,city
07d9ec8528888002,Honda Center,07d9ec8528888002,[],,,"{'type': 'Feature', 'bbox': [-117.87665128024769, 33.80789152031141, -117.87665128024769, 33.80789152031141], 'properties': {}}",,poi
17c553c1a9dd0466,"Hanford, CA",17c553c1a9dd0466,[],,,"{'type': 'Feature', 'bbox': [-119.691252, 36.290733, -119.583059, 36.371953], 'properties': {}}",,city
239aa72871ae24ab,"Petaluma, CA",239aa72871ae24ab,[],,,"{'type': 'Feature', 'bbox': [-122.6823831, 38.205307, -122.584356, 38.283601], 'properties': {}}",,city
07d9ca5dce083000,Dolli Llama,07d9ca5dce083000,[],,,"{'type': 'Feature', 'bbox': [-69.95944213867188, 41.682682037353516, -69.95944213867188, 41.682682037353516], 'properties': {}}",,poi
99f438c0658debf2,"Warminster Heights, PA",99f438c0658debf2,[],,,"{'type': 'Feature', 'bbox': [-75.094559, 40.179698, -75.073532, 40.196713], 'properties': {}}",,city
736e38a7d8ebe159,"Pensacola, FL",736e38a7d8ebe159,[],,,"{'type': 'Feature', 'bbox': [-87.259577, 30.399257, -87.149742, 30.510326], 'properties': {}}",,city
013379ee5729a5e6,"Tucson, AZ",013379ee5729a5e6,[],,,"{'type': 'Feature', 'bbox': [-111.083219, 32.057802, -110.747928, 32.320979], 'properties': {}}",,city
c7ef5f3368b68777,"Baton Rouge, LA",c7ef5f3368b68777,[],,,"{'type': 'Feature', 'bbox': [-91.218994, 30.354161, -90.962605, 30.5640391], 'properties': {}}",,city
80eb17ffe368fc9a,"Huntington Beach, CA",80eb17ffe368fc9a,[],,,"{'type': 'Feature', 'bbox': [-118.082615, 33.6289907, -117.91485, 33.756093], 'properties': {}}",,city
2597f2b91a5fcdb1,"SoHo, Manhattan",2597f2b91a5fcdb1,[],,,"{'type': 'Feature', 'bbox': [-74.0115728, 40.718004, -73.995378, 40.729087], 'properties': {}}",,neighborhood
71d65c0e6d94efab,"New Mexico, USA",71d65c0e6d94efab,[],,,"{'type': 'Feature', 'bbox': [-109.050173, 31.332176, -103.002065, 37.000294], 'properties': {}}",,admin
000b619e3fa2390b,"Ashburn, VA",000b619e3fa2390b,[],,,"{'type': 'Feature', 'bbox': [-77.522803, 38.9882697, -77.431408, 39.0740487], 'properties': {}}",,city
00a4b217142e93d0,"Andover, MA",00a4b217142e93d0,[],,,"{'type': 'Feature', 'bbox': [-71.255046, 42.5982372, -71.075953, 42.700233], 'properties': {}}",,city
f2390622c570faf1,"Carson City, NV",f2390622c570faf1,[],,,"{'type': 'Feature', 'bbox': [-119.814173, 39.08497, -119.670954, 39.216676], 'properties': {}}",,city
b46f044cb28493c6,"Saratoga, CA",b46f044cb28493c6,[],,,"{'type': 'Feature', 'bbox': [-122.0681814, 37.237066, -121.9895007, 37.2963857], 'properties': {}}",,city
3f871475c095f94f,"Westminster, CO",3f871475c095f94f,[],,,"{'type': 'Feature', 'bbox': [-105.148925, 39.819133, -104.987771, 39.97944], 'properties': {}}",,city
4c2935046cf5d0bb,"Americus, GA",4c2935046cf5d0bb,[],,,"{'type': 'Feature', 'bbox': [-84.293365, 32.034467, -84.1776693, 32.118969], 'properties': {}}",,city
59e53e0dccbaf7b6,"Westwood, KS",59e53e0dccbaf7b6,[],,,"{'type': 'Feature', 'bbox': [-94.621238, 39.033278, -94.607371, 39.044099], 'properties': {}}",,city
00d73c6d35bf8b5a,"Pittsfield, MI",00d73c6d35bf8b5a,[],,,"{'type': 'Feature', 'bbox': [-83.7850832, 42.142414, -83.641471, 42.2594116], 'properties': {}}",,city
258c7428a48a8cfa,"Jeffersontown, KY",258c7428a48a8cfa,[],,,"{'type': 'Feature', 'bbox': [-85.60709, 38.143069, -85.508139, 38.246418], 'properties': {}}",,city
ef7d5a3592adbcc7,"Brunswick, ME",ef7d5a3592adbcc7,[],,,"{'type': 'Feature', 'bbox': [-70.0200027, 43.868253, -69.856736, 43.949801], 'properties': {}}",,city
f6abc2be7eacfe4e,"Loma Linda, CA",f6abc2be7eacfe4e,[],,,"{'type': 'Feature', 'bbox': [-117.2779324, 34.032777, -117.2188429, 34.0667247], 'properties': {}}",,city
947299911720444c,"Laguna, CA",947299911720444c,[],,,"{'type': 'Feature', 'bbox': [-121.4882357, 38.379179, -121.390531, 38.441677], 'properties': {}}",,city
4dad272dba156a02,"Annandale, VA",4dad272dba156a02,[],,,"{'type': 'Feature', 'bbox': [-77.262146, 38.811091, -77.157684, 38.865962], 'properties': {}}",,city
4265ece9285a2872,"Palm Springs, CA",4265ece9285a2872,[],,,"{'type': 'Feature', 'bbox': [-116.5677878, 33.7794258, -116.466791, 33.8707332], 'properties': {}}",,city
dbd1411661903bb0,"Framingham, MA",dbd1411661903bb0,[],,,"{'type': 'Feature', 'bbox': [-71.4971703, 42.257263, -71.374193, 42.352931], 'properties': {}}",,city
d88ba04b7e693c48,"Kingman, AZ",d88ba04b7e693c48,[],,,"{'type': 'Feature', 'bbox': [-114.07623, 35.1741305, -113.959184, 35.273374], 'properties': {}}",,city
04291149b14feb9d,"Lancaster, CA",04291149b14feb9d,[],,,"{'type': 'Feature', 'bbox': [-118.280798, 34.6309445, -118.045755, 34.740709], 'properties': {}}",,city
7f7d58e5229c6b6c,"Tennessee, USA",7f7d58e5229c6b6c,[],,,"{'type': 'Feature', 'bbox': [-90.310298, 34.982924, -81.646901, 36.678119], 'properties': {}}",,admin
dfe9991fc7f69a4f,"Laurel Hollow, NY",dfe9991fc7f69a4f,[],,,"{'type': 'Feature', 'bbox': [-73.494416, 40.83702, -73.455336, 40.879543], 'properties': {}}",,city
19d41c6eff11e9d6,"Cerritos, CA",19d41c6eff11e9d6,[],,,"{'type': 'Feature', 'bbox': [-118.108568, 33.84596, -118.02881, 33.887971], 'properties': {}}",,city
0a40560cd52f96a7,"Grass Valley, CA",0a40560cd52f96a7,[],,,"{'type': 'Feature', 'bbox': [-121.114756, 39.182283, -121.00162, 39.248861], 'properties': {}}",,city
c1ef8962bc0b514d,"New Bern, NC",c1ef8962bc0b514d,[],,,"{'type': 'Feature', 'bbox': [-77.137333, 35.076669, -77.034161, 35.163741], 'properties': {}}",,city
002e24c6736f069d,"Bronx, NY",002e24c6736f069d,[],,,"{'type': 'Feature', 'bbox': [-73.933612, 40.785365, -73.765271, 40.91533], 'properties': {}}",,city
fb76b3aa366004c9,"Altadena, CA",fb76b3aa366004c9,[],,,"{'type': 'Feature', 'bbox': [-118.1772963, 34.167539, -118.095091, 34.220078], 'properties': {}}",,city
fedbd9fc207aae2a,"San Bernardino, CA",fedbd9fc207aae2a,[],,,"{'type': 'Feature', 'bbox': [-117.401199, 34.0503113, -117.1869926, 34.219539], 'properties': {}}",,city
5635c19c2b5078d1,"Virginia, USA",5635c19c2b5078d1,[],,,"{'type': 'Feature', 'bbox': [-83.67529, 36.540739, -75.16644, 39.466012], 'properties': {}}",,admin
7c4ae4537997a58f,"Elgin, IL",7c4ae4537997a58f,[],,,"{'type': 'Feature', 'bbox': [-88.4312933, 41.986293, -88.189602, 42.093586], 'properties': {}}",,city
dd3b100831dd1763,"New Orleans, LA",dd3b100831dd1763,[],,,"{'type': 'Feature', 'bbox': [-90.137908, 29.889574, -89.884108, 30.075628], 'properties': {}}",,city
080b8d8543aab399,"Bloomington, MN",080b8d8543aab399,[],,,"{'type': 'Feature', 'bbox': [-93.399443, 44.78542, -93.203245, 44.863519], 'properties': {}}",,city
07d9ec7af8486000,Baylor College Of Medicine,07d9ec7af8486000,[],,,"{'type': 'Feature', 'bbox': [-95.39623975753784, 29.71055926846009, -95.39623975753784, 29.71055926846009], 'properties': {}}",,poi
e8ad2641c1cb666c,"Arkansas, USA",e8ad2641c1cb666c,[],,,"{'type': 'Feature', 'bbox': [-94.61771, 33.004106, -89.644838, 36.499767], 'properties': {}}",,admin
0a6476ab5b567000,Online Caribbean Music Station | Caribbean Power Jam Radio,0a6476ab5b567000,[],,,"{'type': 'Feature', 'bbox': [-73.92777199999999, 40.660185, -73.92777199999999, 40.660185], 'properties': {}}",,poi
07d9e7b1f6084000,WIU Curriculum Library,07d9e7b1f6084000,[],,,"{'type': 'Feature', 'bbox': [-90.689253, 40.469568, -90.689253, 40.469568], 'properties': {}}",,poi
d06e595eb3733f42,"South Dakota, USA",d06e595eb3733f42,[],,,"{'type': 'Feature', 'bbox': [-104.05774, 42.479636, -96.43659, 45.945379], 'properties': {}}",,admin
0c2e19c2631eb155,"Coronado, CA",0c2e19c2631eb155,[],,,"{'type': 'Feature', 'bbox': [-117.227156, 32.585524, -117.117931, 32.71468], 'properties': {}}",,city
8cd2e7740a60fd93,"Smithtown, NY",8cd2e7740a60fd93,[],,,"{'type': 'Feature', 'bbox': [-73.270527, 40.825276, -73.168645, 40.895739], 'properties': {}}",,city
934d465ac8227bb4,"Westhampton Beach, NY",934d465ac8227bb4,[],,,"{'type': 'Feature', 'bbox': [-72.66205, 40.79498, -72.625608, 40.832789], 'properties': {}}",,city
b2e4e65d7b80d2c1,"Fort Collins, CO",b2e4e65d7b80d2c1,[],,,"{'type': 'Feature', 'bbox': [-105.148074, 40.47168, -104.979811, 40.656701], 'properties': {}}",,city
07d9c93a8d080000,IBM TJ Watson Research Center,07d9c93a8d080000,[],,,"{'type': 'Feature', 'bbox': [-73.80370146012591, 41.21057515221879, -73.80370146012591, 41.21057515221879], 'properties': {}}",,poi
2dbbd1540f814343,"Tacoma, WA",2dbbd1540f814343,[],,,"{'type': 'Feature', 'bbox': [-122.5622146, 47.166863, -122.3484729, 47.319058], 'properties': {}}",,city
629b15360c8e51ae,"Suisun City, CA",629b15360c8e51ae,[],,,"{'type': 'Feature', 'bbox': [-122.048884, 38.22999, -121.969428, 38.265203], 'properties': {}}",,city
e444ecd51bd16ff3,"Cincinnati, OH",e444ecd51bd16ff3,[],,,"{'type': 'Feature', 'bbox': [-84.710722, 39.052962, -84.3689026, 39.2211137], 'properties': {}}",,city
e4fa69eade6df2ab,"Collegeville, PA",e4fa69eade6df2ab,[],,,"{'type': 'Feature', 'bbox': [-75.475568, 40.17271, -75.447606, 40.20228], 'properties': {}}",,city
41de88d76c42e840,"Beacon Square, FL",41de88d76c42e840,[],,,"{'type': 'Feature', 'bbox': [-82.783978, 28.20094, -82.7327634, 28.231561], 'properties': {}}",,city
e4a530922c11f226,"Richmond Heights, MO",e4a530922c11f226,[],,,"{'type': 'Feature', 'bbox': [-90.3623212, 38.618724, -90.306259, 38.641146], 'properties': {}}",,city
5c8fea63bc3faa5b,"Fargo, ND",5c8fea63bc3faa5b,[],,,"{'type': 'Feature', 'bbox': [-96.903853, 46.787881, -96.756332, 46.941884], 'properties': {}}",,city
0120bba174ad6c8e,"Cherry Creek, CO",0120bba174ad6c8e,[],,,"{'type': 'Feature', 'bbox': [-104.883121, 39.5969877, -104.847705, 39.6242572], 'properties': {}}",,city
b463d3bd6064861b,"Detroit, MI",b463d3bd6064861b,[],,,"{'type': 'Feature', 'bbox': [-83.288056, 42.255085, -82.91052, 42.450488], 'properties': {}}",,city
91d57ea9ae3b0bbd,"Lorain, OH",91d57ea9ae3b0bbd,[],,,"{'type': 'Feature', 'bbox': [-82.292185, 41.401871, -82.096884, 41.4852105], 'properties': {}}",,city
ec212eb1116b92e2,"Reston, VA",ec212eb1116b92e2,[],,,"{'type': 'Feature', 'bbox': [-77.393246, 38.90861, -77.304868, 39.002993], 'properties': {}}",,city
fff1c66a88b63f36,"Brookside, DE",fff1c66a88b63f36,[],,,"{'type': 'Feature', 'bbox': [-75.7370232, 39.6486936, -75.6958005, 39.6858166], 'properties': {}}",,city
90c32e0ec569d261,"Webster Groves, MO",90c32e0ec569d261,[],,,"{'type': 'Feature', 'bbox': [-90.377357, 38.562368, -90.326039, 38.610641], 'properties': {}}",,city
029dd1f28dbd3d26,"Richmond, CA",029dd1f28dbd3d26,[],,,"{'type': 'Feature', 'bbox': [-122.420497, 37.895308, -122.3043308, 38.002378], 'properties': {}}",,city
7b5667de9caf1b92,"Vallejo, CA",7b5667de9caf1b92,[],,,"{'type': 'Feature', 'bbox': [-122.293347, 38.060373, -122.1670984, 38.169181], 'properties': {}}",,city
eb1bb64775708bc1,"Glendora, CA",eb1bb64775708bc1,[],,,"{'type': 'Feature', 'bbox': [-117.890263, 34.1054901, -117.809111, 34.165551], 'properties': {}}",,city
db9ad480efc1ef51,"Winchester, MA",db9ad480efc1ef51,[],,,"{'type': 'Feature', 'bbox': [-71.189239, 42.435517, -71.110782, 42.47389], 'properties': {}}",,city
37bcd9d2fe172622,"Mount Pleasant, SC",37bcd9d2fe172622,[],,,"{'type': 'Feature', 'bbox': [-79.922434, 32.766578, -79.75221, 32.929315], 'properties': {}}",,city
0052cdde03f2eadb,"Lake Butler, FL",0052cdde03f2eadb,[],,,"{'type': 'Feature', 'bbox': [-81.611279, 28.424587, -81.483386, 28.536837], 'properties': {}}",,city
1010ecfa7d3a40f8,"Indiana, USA",1010ecfa7d3a40f8,[],,,"{'type': 'Feature', 'bbox': [-88.097892, 37.771743, -84.78458, 41.761368], 'properties': {}}",,admin
f42a863798156617,"Seattle, WA",f42a863798156617,[],,,"{'type': 'Feature', 'bbox': [-122.459696, 47.491912, -122.224433, 47.734145], 'properties': {}}",,city
07d9ca15e1c84000,Roger Williams Park - Temple of Music,07d9ca15e1c84000,[],,,"{'type': 'Feature', 'bbox': [-71.41399486229456, 41.780604967818356, -71.41399486229456, 41.780604967818356], 'properties': {}}",,poi
5acc3a887617d093,"Sarasota, FL",5acc3a887617d093,[],,,"{'type': 'Feature', 'bbox': [-82.588866, 27.293114, -82.477281, 27.389129], 'properties': {}}",,city
07d9ec68fc884005,Ronald Reagan Building & International Trade Center,07d9ec68fc884005,[],,,"{'type': 'Feature', 'bbox': [-77.03087916110701, 38.89395004818115, -77.03087916110701, 38.89395004818115], 'properties': {}}",,poi
c8b021ffd0c94ffc,"Oak Park, IL",c8b021ffd0c94ffc,[],,,"{'type': 'Feature', 'bbox': [-87.805698, 41.8650062, -87.774103, 41.909253], 'properties': {}}",,city
43d2418301bf1a49,"Mississippi, USA",43d2418301bf1a49,[],,,"{'type': 'Feature', 'bbox': [-91.655009, 30.146096, -88.097889, 34.995968], 'properties': {}}",,admin
647be94a01a83f96,"Ramsey, NJ",647be94a01a83f96,[],,,"{'type': 'Feature', 'bbox': [-74.176219, 41.040415, -74.114594, 41.078123], 'properties': {}}",,city
488da0de4c92ac8e,"Plano, TX",488da0de4c92ac8e,[],,,"{'type': 'Feature', 'bbox': [-96.85743, 32.9971507, -96.612371, 33.1253341], 'properties': {}}",,city
3448f4f82d2187bc,"Cookeville, TN",3448f4f82d2187bc,[],,,"{'type': 'Feature', 'bbox': [-85.601741, 36.046986, -85.418673, 36.232069], 'properties': {}}",,city
00427d4a5c4a1fc3,"Missoula, MT",00427d4a5c4a1fc3,[],,,"{'type': 'Feature', 'bbox': [-114.1203252, 46.780202, -113.941975, 46.977998], 'properties': {}}",,city
cdf74b55fc0d4600,"Arlington Heights, IL",cdf74b55fc0d4600,[],,,"{'type': 'Feature', 'bbox': [-88.026334, 42.028374, -87.9446184, 42.162938], 'properties': {}}",,city
d950fc7dc2cd14f9,"Orangevale, CA",d950fc7dc2cd14f9,[],,,"{'type': 'Feature', 'bbox': [-121.262498, 38.637436, -121.1875214, 38.718208], 'properties': {}}",,city
ec3b8b62828d8f6a,"Frederick, MD",ec3b8b62828d8f6a,[],,,"{'type': 'Feature', 'bbox': [-77.476711, 39.369128, -77.359293, 39.494945], 'properties': {}}",,city
07d9d5da05880003,The Hamilton,07d9d5da05880003,[],,,"{'type': 'Feature', 'bbox': [-77.0322032236736, 38.89744105020522, -77.0322032236736, 38.89744105020522], 'properties': {}}",,poi
34cbdf1e53ef826e,"Schererville, IN",34cbdf1e53ef826e,[],,,"{'type': 'Feature', 'bbox': [-87.493563, 41.449395, -87.392266, 41.523148], 'properties': {}}",,city
0019b30073d7f767,"Reisterstown, MD",0019b30073d7f767,[],,,"{'type': 'Feature', 'bbox': [-76.868425, 39.429282, -76.778265, 39.559561], 'properties': {}}",,city
9cee92fec370baf9,"Burlingame, CA",9cee92fec370baf9,[],,,"{'type': 'Feature', 'bbox': [-122.4039361, 37.5681114, -122.3308186, 37.604114], 'properties': {}}",,city
4863e104770af94b,"Blue Point, NY",4863e104770af94b,[],,,"{'type': 'Feature', 'bbox': [-73.042738, 40.729536, -73.021849, 40.776382], 'properties': {}}",,city
fef01a8cb0eacb64,"Akron, OH",fef01a8cb0eacb64,[],,,"{'type': 'Feature', 'bbox': [-81.628444, 40.995137, -81.405059, 41.166618], 'properties': {}}",,city
547fe91108bd744c,"San Juan, Puerto Rico",547fe91108bd744c,[],,,"{'type': 'Feature', 'bbox': [-66.125093, 18.29645, -65.991643, 18.471881], 'properties': {}}",,city
00a3ab692fda04dc,"Ladera, CA",00a3ab692fda04dc,[],,,"{'type': 'Feature', 'bbox': [-122.2071436, 37.3932612, -122.191388, 37.40573], 'properties': {}}",,city
63e2540eaa633704,"Crofton, MD",63e2540eaa633704,[],,,"{'type': 'Feature', 'bbox': [-76.707926, 38.980007, -76.63862, 39.0298661], 'properties': {}}",,city
afdda35f375f55ae,"Kaneohe, HI",afdda35f375f55ae,[],,,"{'type': 'Feature', 'bbox': [-157.8309972, 21.3850908, -157.760186, 21.428755], 'properties': {}}",,city
594ec79d61a7f536,"Leesburg, VA",594ec79d61a7f536,[],,,"{'type': 'Feature', 'bbox': [-77.6024144, 39.0676054, -77.503682, 39.136067], 'properties': {}}",,city
60e2c37980197297,"St Paul, MN",60e2c37980197297,[],,,"{'type': 'Feature', 'bbox': [-93.207783, 44.8907521, -93.003514, 44.992279], 'properties': {}}",,city
4e6b81828d453a7a,"Marion, IL",4e6b81828d453a7a,[],,,"{'type': 'Feature', 'bbox': [-89.0216743, 37.69271, -88.877579, 37.7740396], 'properties': {}}",,city
0ce4c27ce26030aa,"Newport Beach, CA",0ce4c27ce26030aa,[],,,"{'type': 'Feature', 'bbox': [-117.9582193, 33.563618, -117.789845, 33.671658], 'properties': {}}",,city
01d4e349481265e8,"Carlsbad, CA",01d4e349481265e8,[],,,"{'type': 'Feature', 'bbox': [-117.359298, 33.0606148, -117.216549, 33.1823533], 'properties': {}}",,city
00119d346ce48d65,"Whitsett, NC",00119d346ce48d65,[],,,"{'type': 'Feature', 'bbox': [-79.610779, 36.060582, -79.564204, 36.104459], 'properties': {}}",,city
07d9e3a8d0086001,Bancorp South Arena,07d9e3a8d0086001,[],,,"{'type': 'Feature', 'bbox': [-88.69979381561285, 34.25949538185177, -88.69979381561285, 34.25949538185177], 'properties': {}}",,poi
fee8047a46fbdfc8,"Vinings, GA",fee8047a46fbdfc8,[],,,"{'type': 'Feature', 'bbox': [-84.487242, 33.841705, -84.4542161, 33.8811], 'properties': {}}",,city
a1a25de9f5efa69b,"Eden Prairie, MN",a1a25de9f5efa69b,[],,,"{'type': 'Feature', 'bbox': [-93.520913, 44.799239, -93.397946, 44.893162], 'properties': {}}",,city
c3f1deee8671c492,"Plano, IL",c3f1deee8671c492,[],,,"{'type': 'Feature', 'bbox': [-88.565734, 41.645151, -88.487888, 41.684729], 'properties': {}}",,city
00717a9040f7caee,"University Center, VA",00717a9040f7caee,[],,,"{'type': 'Feature', 'bbox': [-77.455491, 39.046188, -77.431025, 39.071365], 'properties': {}}",,city
01b828da4311466f,"Croton-on-Hudson, NY",01b828da4311466f,[],,,"{'type': 'Feature', 'bbox': [-73.946553, 41.168161, -73.847928, 41.334491], 'properties': {}}",,city
ecb63eb9d9d83b31,"Shoreline, WA",ecb63eb9d9d83b31,[],,,"{'type': 'Feature', 'bbox': [-122.395019, 47.7337608, -122.2913388, 47.777982], 'properties': {}}",,city
f136163002bd51f6,"Mansfield, OH",f136163002bd51f6,[],,,"{'type': 'Feature', 'bbox': [-82.572489, 40.681009, -82.378653, 40.815657], 'properties': {}}",,city
ae76bffcaf2bf545,"Ithaca, NY",ae76bffcaf2bf545,[],,,"{'type': 'Feature', 'bbox': [-76.547738, 42.41815, -76.469987, 42.480827], 'properties': {}}",,city
ddb95977c7faf4f0,"Groesbeck, TX",ddb95977c7faf4f0,[],,,"{'type': 'Feature', 'bbox': [-96.551956, 31.505878, -96.509126, 31.53815], 'properties': {}}",,city
7dea5f8c907d1ea2,"Beverly, MA",7dea5f8c907d1ea2,[],,,"{'type': 'Feature', 'bbox': [-70.923007, 42.53915, -70.793176, 42.593439], 'properties': {}}",,city
d07feb9e5b1ce37c,"Westminster, CA",d07feb9e5b1ce37c,[],,,"{'type': 'Feature', 'bbox': [-118.043083, 33.720269, -117.944373, 33.774358], 'properties': {}}",,city
288de3df481163e8,"Alabama, USA",288de3df481163e8,[],,,"{'type': 'Feature', 'bbox': [-88.473228, 30.144425, -84.888247, 35.008029], 'properties': {}}",,admin
9d4c71b7937a3a90,"Tyler, TX",9d4c71b7937a3a90,[],,,"{'type': 'Feature', 'bbox': [-95.414773, 32.221406, -95.219307, 32.409917], 'properties': {}}",,city
cf3b45e29c2c319b,"League City, TX",cf3b45e29c2c319b,[],,,"{'type': 'Feature', 'bbox': [-95.178987, 29.438994, -94.9950713, 29.55532], 'properties': {}}",,city
07d9e3f473082000,NIH Building 31,07d9e3f473082000,[],,,"{'type': 'Feature', 'bbox': [-77.10097789764404, 39.002610554832096, -77.10097789764404, 39.002610554832096], 'properties': {}}",,poi
c201deec6d7ba944,"Eureka, CA",c201deec6d7ba944,[],,,"{'type': 'Feature', 'bbox': [-124.202007, 40.7453389, -124.136897, 40.819908], 'properties': {}}",,city
101f6a0f4879d8a6,"Belmont, CA",101f6a0f4879d8a6,[],,,"{'type': 'Feature', 'bbox': [-122.32889, 37.497748, -122.2615683, 37.534693], 'properties': {}}",,city
0ca3946cc8977001,Venue One,0ca3946cc8977001,[],,,"{'type': 'Feature', 'bbox': [-87.66917765115055, 41.88596297954117, -87.66917765115055, 41.88596297954117], 'properties': {}}",,poi
01a18b3376f3525c,"Manahawkin, NJ",01a18b3376f3525c,[],,,"{'type': 'Feature', 'bbox': [-74.2980164, 39.6669324, -74.213792, 39.7247169], 'properties': {}}",,city
3e82edc94d5c5ce1,"Pasadena, TX",3e82edc94d5c5ce1,[],,,"{'type': 'Feature', 'bbox': [-95.2345837, 29.59057, -95.083288, 29.746032], 'properties': {}}",,city
07d9d219c4482001,McCormick Place,07d9d219c4482001,[],,,"{'type': 'Feature', 'bbox': [-87.617671332652, 41.850980593788, -87.617671332652, 41.850980593788], 'properties': {}}",,poi
23c9865273efcb5c,"Lakeway, TX",23c9865273efcb5c,[],,,"{'type': 'Feature', 'bbox': [-98.013875, 30.3221922, -97.942567, 30.389523], 'properties': {}}",,city
f97108ab3c4a42ed,"White Plains, NY",f97108ab3c4a42ed,[],,,"{'type': 'Feature', 'bbox': [-73.78995, 40.982445, -73.719524, 41.069964], 'properties': {}}",,city
d7ffb21e3a0ee55c,"Downtown, San Francisco",d7ffb21e3a0ee55c,[],,,"{'type': 'Feature', 'bbox': [-122.41896192, 37.78151103, -122.39558712, 37.79382996], 'properties': {}}",,neighborhood
014734342ec54c17,"Williston, VT",014734342ec54c17,[],,,"{'type': 'Feature', 'bbox': [-73.1399735, 44.4339436, -73.056587, 44.4833374], 'properties': {}}",,city
fe6267019d9aab1c,"Roeland Park, KS",fe6267019d9aab1c,[],,,"{'type': 'Feature', 'bbox': [-94.650516, 39.023765, -94.621197, 39.044116], 'properties': {}}",,city
832ac0728b3e26ac,"West Lafayette, IN",832ac0728b3e26ac,[],,,"{'type': 'Feature', 'bbox': [-86.999431, 40.406761, -86.86053, 40.511402], 'properties': {}}",,city
203776e9d7e421a6,"Ashland, NJ",203776e9d7e421a6,[],,,"{'type': 'Feature', 'bbox': [-75.027179, 39.8593695, -74.988897, 39.900149], 'properties': {}}",,city
050c276f7bcbb37e,"Beavercreek, OH",050c276f7bcbb37e,[],,,"{'type': 'Feature', 'bbox': [-84.106764, 39.676687, -83.988342, 39.779185], 'properties': {}}",,city
fa8f8f24dc772cc0,"Pompano Beach, FL",fa8f8f24dc772cc0,[],,,"{'type': 'Feature', 'bbox': [-80.1955611, 26.206136, -80.0817297, 26.2976539], 'properties': {}}",,city
0b9c2aedc0d4a001,ENCLAVE for Entrepreneurs at O'Hare,0b9c2aedc0d4a001,[],,,"{'type': 'Feature', 'bbox': [-88.001751, 41.993353, -88.001751, 41.993353], 'properties': {}}",,poi
00f8c733400e497a,"Broomfield, CO",00f8c733400e497a,[],,,"{'type': 'Feature', 'bbox': [-105.1472674, 39.894185, -104.997195, 40.000314], 'properties': {}}",,city
deb349182b3f42bb,"Auburn, AL",deb349182b3f42bb,[],,,"{'type': 'Feature', 'bbox': [-85.569969, 32.532449, -85.413112, 32.6620408], 'properties': {}}",,city
663c8601556b7e63,"Columbine Valley, CO",663c8601556b7e63,[],,,"{'type': 'Feature', 'bbox': [-105.047, 39.588529, -105.0246445, 39.611245], 'properties': {}}",,city
a72227adc0e7da25,"Galax, VA",a72227adc0e7da25,[],,,"{'type': 'Feature', 'bbox': [-80.9498769, 36.626245, -80.877282, 36.695055], 'properties': {}}",,city
dea1eac2d7ef8878,"Maryland, USA",dea1eac2d7ef8878,[],,,"{'type': 'Feature', 'bbox': [-79.487651, 37.886607, -74.986286, 39.723622], 'properties': {}}",,admin
0159b42c2f3f2207,"Little River, SC",0159b42c2f3f2207,[],,,"{'type': 'Feature', 'bbox': [-78.712564, 33.834265, -78.581295, 33.895781], 'properties': {}}",,city
c09fcf25417019e8,"Northfield, KY",c09fcf25417019e8,[],,,"{'type': 'Feature', 'bbox': [-85.646425, 38.279473, -85.626322, 38.291952], 'properties': {}}",,city
23ebe811ea93fd41,"Chapel Hill, NC",23ebe811ea93fd41,[],,,"{'type': 'Feature', 'bbox': [-79.0831529, 35.869376, -78.968887, 35.969507], 'properties': {}}",,city
74d460734c3eca69,"Muscle Shoals, AL",74d460734c3eca69,[],,,"{'type': 'Feature', 'bbox': [-87.6806388, 34.7052524, -87.6173621, 34.762527], 'properties': {}}",,city
01a5a4b9098ae238,"Lewis Center, OH",01a5a4b9098ae238,[],,,"{'type': 'Feature', 'bbox': [-83.04024, 40.155625, -82.954609, 40.249168], 'properties': {}}",,city
5e281c17a74c170f,"Jacksonville Beach, FL",5e281c17a74c170f,[],,,"{'type': 'Feature', 'bbox': [-81.429213, 30.252059, -81.3804967, 30.307701], 'properties': {}}",,city
c8022ca5114d7ea9,"Salem, OR",c8022ca5114d7ea9,[],,,"{'type': 'Feature', 'bbox': [-123.122916, 44.853813, -122.935114, 45.016355], 'properties': {}}",,city
07d9f80d71887001,Ballroom A-D Marriott Wardman,07d9f80d71887001,[],,,"{'type': 'Feature', 'bbox': [-77.05537816648476, 38.924015725446274, -77.05537816648476, 38.924015725446274], 'properties': {}}",,poi
a81f9ed24c15d6af,"Grand Rapids, MI",a81f9ed24c15d6af,[],,,"{'type': 'Feature', 'bbox': [-85.751406, 42.883679, -85.530877, 43.029144], 'properties': {}}",,city
8de43ba3f996df05,"Bartlesville, OK",8de43ba3f996df05,[],,,"{'type': 'Feature', 'bbox': [-96.012722, 36.699006, -95.899191, 36.786088], 'properties': {}}",,city
01ae23a274353991,"Emerald Bay, TX",01ae23a274353991,[],,,"{'type': 'Feature', 'bbox': [-95.470293, 32.135167, -95.421165, 32.200693], 'properties': {}}",,city
c03748ea7a3b06c0,"Massapequa Park, NY",c03748ea7a3b06c0,[],,,"{'type': 'Feature', 'bbox': [-73.464521, 40.652099, -73.436512, 40.705188], 'properties': {}}",,city
4201ce45d19aef68,"Spring Lake, NJ",4201ce45d19aef68,[],,,"{'type': 'Feature', 'bbox': [-74.0377136, 40.138139, -74.01542, 40.169047], 'properties': {}}",,city
3605db70c687a01d,"Sioux Falls, SD",3605db70c687a01d,[],,,"{'type': 'Feature', 'bbox': [-96.8395021, 43.465641, -96.622783, 43.616388], 'properties': {}}",,city
07d9e3a6cb083002,Florida Hospital Orlando,07d9e3a6cb083002,[],,,"{'type': 'Feature', 'bbox': [-81.37080287341713, 28.575430531696984, -81.37080287341713, 28.575430531696984], 'properties': {}}",,poi
6817a2a94b64df3f,"Kenwood, OH",6817a2a94b64df3f,[],,,"{'type': 'Feature', 'bbox': [-84.394955, 39.191528, -84.3567011, 39.22516], 'properties': {}}",,city
3018f1dc6d7d4c26,"Rochelle Park, NJ",3018f1dc6d7d4c26,[],,,"{'type': 'Feature', 'bbox': [-74.091226, 40.891769, -74.068846, 40.919778], 'properties': {}}",,city
db6cee8d55fe4a29,"Nashua, NH",db6cee8d55fe4a29,[],,,"{'type': 'Feature', 'bbox': [-71.5749, 42.7000873, -71.4333342, 42.805852], 'properties': {}}",,city
000829b517fc66b2,"Mamaroneck, NY",000829b517fc66b2,[],,,"{'type': 'Feature', 'bbox': [-73.772692, 40.919044, -73.713636, 40.982365], 'properties': {}}",,city
f77b0bf942a40070,"Denton, TX",f77b0bf942a40070,[],,,"{'type': 'Feature', 'bbox': [-97.187543, 33.1289384, -97.041998, 33.276053], 'properties': {}}",,city
50d31ecdad5158be,"Greer, SC",50d31ecdad5158be,[],,,"{'type': 'Feature', 'bbox': [-82.34636, 34.84665, -82.132484, 35.030719], 'properties': {}}",,city
ab2b3353d37b40e6,"El Dorado Hills, CA",ab2b3353d37b40e6,[],,,"{'type': 'Feature', 'bbox': [-121.111768, 38.621986, -121.027263, 38.743729], 'properties': {}}",,city
f95ca607d76de8c6,"San Marcos, TX",f95ca607d76de8c6,[],,,"{'type': 'Feature', 'bbox': [-97.993537, 29.840708, -97.8768464, 29.950505], 'properties': {}}",,city
2526edd24c06e60c,"Missouri, USA",2526edd24c06e60c,[],,,"{'type': 'Feature', 'bbox': [-95.774704, 35.995476, -89.098843, 40.613641], 'properties': {}}",,admin
01bd241973160cac,"Hillsboro, OR",01bd241973160cac,[],,,"{'type': 'Feature', 'bbox': [-123.011705, 45.488124, -122.859355, 45.573434], 'properties': {}}",,city
2d173a2287b56654,"Union City, TN",2d173a2287b56654,[],,,"{'type': 'Feature', 'bbox': [-89.097794, 36.391036, -88.985314, 36.459568], 'properties': {}}",,city
3227bcceb76b6a37,"Naperville, IL",3227bcceb76b6a37,[],,,"{'type': 'Feature', 'bbox': [-88.2595981, 41.6655839, -88.063045, 41.8314084], 'properties': {}}",,city
883ee3f98abb082b,"University Park, FL",883ee3f98abb082b,[],,,"{'type': 'Feature', 'bbox': [-80.3854773, 25.732128, -80.351653, 25.761752], 'properties': {}}",,city
41c331abe42d9969,"Apple Valley, CA",41c331abe42d9969,[],,,"{'type': 'Feature', 'bbox': [-117.2875328, 34.413411, -117.103437, 34.5718427], 'properties': {}}",,city
c74eb0eb4d8a51ed,"Adjuntas, Puerto Rico",c74eb0eb4d8a51ed,[],,,"{'type': 'Feature', 'bbox': [-66.731683, 18.155607, -66.716404, 18.170296], 'properties': {}}",,city
8fa6d7a33b83ef26,"Paradise, NV",8fa6d7a33b83ef26,[],,,"{'type': 'Feature', 'bbox': [-115.2092535, 35.984784, -115.0610763, 36.137145], 'properties': {}}",,city
aa30747001a23f03,"Danville, CA",aa30747001a23f03,[],,,"{'type': 'Feature', 'bbox': [-122.027412, 37.779803, -121.89165, 37.847751], 'properties': {}}",,city
014ee88e779fbf99,"Homer Glen, IL",014ee88e779fbf99,[],,,"{'type': 'Feature', 'bbox': [-87.9789664, 41.5487496, -87.909196, 41.6141448], 'properties': {}}",,city
07d9c9283c484002,Sotheby's,07d9c9283c484002,[],,,"{'type': 'Feature', 'bbox': [-73.95400261596386, 40.76649436504987, -73.95400261596386, 40.76649436504987], 'properties': {}}",,poi
7f5293a53ed3f357,"Patchogue, NY",7f5293a53ed3f357,[],,,"{'type': 'Feature', 'bbox': [-73.037902, 40.746702, -73.003159, 40.77814], 'properties': {}}",,city
879dfee0187b884a,"Westland, MI",879dfee0187b884a,[],,,"{'type': 'Feature', 'bbox': [-83.430458, 42.267434, -83.308978, 42.355177], 'properties': {}}",,city
244a59e8daf055d4,"Corte Madera, CA",244a59e8daf055d4,[],,,"{'type': 'Feature', 'bbox': [-122.53966, 37.906415, -122.485616, 37.941965], 'properties': {}}",,city
07d9e38de7086001,Boston Convention & Exhibition Center,07d9e38de7086001,[],,,"{'type': 'Feature', 'bbox': [-71.04540824890137, 42.346040219825284, -71.04540824890137, 42.346040219825284], 'properties': {}}",,poi
c47efae2a73aef75,"New Brunswick, NJ",c47efae2a73aef75,[],,,"{'type': 'Feature', 'bbox': [-74.489529, 40.467252, -74.39268, 40.509138], 'properties': {}}",,city
bd7c511e9f8bc5da,"Salt Lake City, UT",bd7c511e9f8bc5da,[],,,"{'type': 'Feature', 'bbox': [-112.0383105, 40.6998952, -111.795741, 40.8317151], 'properties': {}}",,city
be3410e825fe4fa4,"Moscow, ID",be3410e825fe4fa4,[],,,"{'type': 'Feature', 'bbox': [-117.039699, 46.710846, -116.961769, 46.758567], 'properties': {}}",,city
dc3747428fa88cab,"Spokane, WA",dc3747428fa88cab,[],,,"{'type': 'Feature', 'bbox': [-117.565226, 47.5742, -117.303868, 47.760676], 'properties': {}}",,city
6149129795138afd,"North Bay Village, FL",6149129795138afd,[],,,"{'type': 'Feature', 'bbox': [-80.160678, 25.843873, -80.145169, 25.85511], 'properties': {}}",,city
d8a409bb33c9355b,"Grosse Pointe Woods, MI",d8a409bb33c9355b,[],,,"{'type': 'Feature', 'bbox': [-82.9231309, 42.4182695, -82.877488, 42.4509608], 'properties': {}}",,city
c64c987193dab2f4,"Islip, NY",c64c987193dab2f4,[],,,"{'type': 'Feature', 'bbox': [-73.243475, 40.705546, -73.19854, 40.763225], 'properties': {}}",,city
6e276f099bcab5b5,"Youngstown, OH",6e276f099bcab5b5,[],,,"{'type': 'Feature', 'bbox': [-80.711161, 41.049898, -80.56792, 41.160644], 'properties': {}}",,city
0fa2e45c48f0ae2a,"Loveland, CO",0fa2e45c48f0ae2a,[],,,"{'type': 'Feature', 'bbox': [-105.176024, 40.3529092, -104.973792, 40.4658383], 'properties': {}}",,city
48ddd956df593fc0,"Orlovista, FL",48ddd956df593fc0,[],,,"{'type': 'Feature', 'bbox': [-81.475973, 28.53214, -81.446957, 28.55261], 'properties': {}}",,city
62ff27569714ddb3,"Edmond, OK",62ff27569714ddb3,[],,,"{'type': 'Feature', 'bbox': [-97.557572, 35.606823, -97.35391, 35.7836212], 'properties': {}}",,city
d1871b0189c27a21,"Warwick, RI",d1871b0189c27a21,[],,,"{'type': 'Feature', 'bbox': [-71.518925, 41.629501, -71.354415, 41.76838], 'properties': {}}",,city
01b1e66962651ec3,"Honey Creek, IN",01b1e66962651ec3,[],,,"{'type': 'Feature', 'bbox': [-87.416298, 39.352794, -87.360539, 39.395386], 'properties': {}}",,city
006bbe08633392ba,"Desert Edge, CA",006bbe08633392ba,[],,,"{'type': 'Feature', 'bbox': [-116.458107, 33.910371, -116.414382, 33.932522], 'properties': {}}",,city
a2c84129f9dcf69f,"San Marcos, CA",a2c84129f9dcf69f,[],,,"{'type': 'Feature', 'bbox': [-117.2301723, 33.0907611, -117.103461, 33.186722], 'properties': {}}",,city
aeca883f15e2aa85,"East Lansing, MI",aeca883f15e2aa85,[],,,"{'type': 'Feature', 'bbox': [-84.515906, 42.704505, -84.447347, 42.788935], 'properties': {}}",,city
5727d936119423c0,"Pembroke Pines, FL",5727d936119423c0,[],,,"{'type': 'Feature', 'bbox': [-80.442683, 25.992486, -80.2133136, 26.0632929], 'properties': {}}",,city
bba15d635574b0b9,"Jollyville, TX",bba15d635574b0b9,[],,,"{'type': 'Feature', 'bbox': [-97.7852511, 30.4407872, -97.718501, 30.473123], 'properties': {}}",,city
259d4fab72f5d95c,"Toms River, NJ",259d4fab72f5d95c,[],,,"{'type': 'Feature', 'bbox': [-74.269909, 39.942803, -74.10616, 40.059877], 'properties': {}}",,city
01d5798f59d51d79,"Anthem, AZ",01d5798f59d51d79,[],,,"{'type': 'Feature', 'bbox': [-112.164272, 33.784511, -112.012981, 33.885193], 'properties': {}}",,city
5b0b1baf24cf0a6a,"Tinley Park, IL",5b0b1baf24cf0a6a,[],,,"{'type': 'Feature', 'bbox': [-87.853527, 41.5278885, -87.742767, 41.604053], 'properties': {}}",,city
0019a3ac7fd41a96,"Lake Delton, WI",0019a3ac7fd41a96,[],,,"{'type': 'Feature', 'bbox': [-89.8185605, 43.5756482, -89.7560772, 43.6157284], 'properties': {}}",,city
01f9c9fd7bb1aa6b,"Athens, GA",01f9c9fd7bb1aa6b,[],,,"{'type': 'Feature', 'bbox': [-83.5218655, 33.877554, -83.277693, 34.035213], 'properties': {}}",,city
df7fd3a3b9eff7ee,"Oregon, USA",df7fd3a3b9eff7ee,[],,,"{'type': 'Feature', 'bbox': [-124.703541, 41.991795, -116.463262, 46.2990779], 'properties': {}}",,admin
19e2bff2e89dc38e,"Murfreesboro, TN",19e2bff2e89dc38e,[],,,"{'type': 'Feature', 'bbox': [-86.505805, 35.751433, -86.313415, 35.943407], 'properties': {}}",,city
07d9e3b797484000,FIU - Roz and Cal Kovens Conference Center,07d9e3b797484000,[],,,"{'type': 'Feature', 'bbox': [-80.1387751111111, 25.907309960010135, -80.1387751111111, 25.907309960010135], 'properties': {}}",,poi
8eb7d0abedc4817b,"Greenville, SC",8eb7d0abedc4817b,[],,,"{'type': 'Feature', 'bbox': [-82.434848, 34.687331, -82.249689, 34.904552], 'properties': {}}",,city
011ee6260843afea,"North Andover, MA",011ee6260843afea,[],,,"{'type': 'Feature', 'bbox': [-71.145979, 42.604079, -71.03389, 42.741253], 'properties': {}}",,city
fe52af1ec31cb540,"Haverhill, MA",fe52af1ec31cb540,[],,,"{'type': 'Feature', 'bbox': [-71.1823619, 42.734289, -71.000439, 42.827267], 'properties': {}}",,city
9979d3480f2d1e45,"Palm Bay, FL",9979d3480f2d1e45,[],,,"{'type': 'Feature', 'bbox': [-80.737408, 27.910056, -80.566228, 28.063838], 'properties': {}}",,city
390600307e9cd236,"Bowling Green, KY",390600307e9cd236,[],,,"{'type': 'Feature', 'bbox': [-86.542319, 36.890907, -86.328698, 37.040435], 'properties': {}}",,city
62619a76134ad05e,"Duluth, MN",62619a76134ad05e,[],,,"{'type': 'Feature', 'bbox': [-92.282745, 46.650616, -91.9629349, 46.8660532], 'properties': {}}",,city
8a6954309b085545,"Alabaster, AL",8a6954309b085545,[],,,"{'type': 'Feature', 'bbox': [-86.878773, 33.169625, -86.782514, 33.271913], 'properties': {}}",,city
012bca3721fb4c4e,"Cumberland, RI",012bca3721fb4c4e,[],,,"{'type': 'Feature', 'bbox': [-71.452348, 41.8932, -71.381201, 42.0185171], 'properties': {}}",,city
25a2096c466b79bf,"Farragut, TN",25a2096c466b79bf,[],,,"{'type': 'Feature', 'bbox': [-84.241116, 35.806025, -84.119998, 35.917782], 'properties': {}}",,city
d2981a0f3d8eddd7,"Dothan, AL",d2981a0f3d8eddd7,[],,,"{'type': 'Feature', 'bbox': [-85.515405, 31.130472, -85.334617, 31.33397], 'properties': {}}",,city
0046bfef79c8e224,"Rio Rancho, NM",0046bfef79c8e224,[],,,"{'type': 'Feature', 'bbox': [-106.7576226, 35.217658, -106.566425, 35.3747081], 'properties': {}}",,city
18df13e4a5a670b5,"North Charleston, SC",18df13e4a5a670b5,[],,,"{'type': 'Feature', 'bbox': [-80.1575903, 32.829336, -79.934288, 32.9995131], 'properties': {}}",,city
5ecbd073f39c00fa,"Hayward, CA",5ecbd073f39c00fa,[],,,"{'type': 'Feature', 'bbox': [-122.160814, 37.592632, -122.010737, 37.689909], 'properties': {}}",,city
00b6a1c7611dcf24,"Connerton, FL",00b6a1c7611dcf24,[],,,"{'type': 'Feature', 'bbox': [-82.520132, 28.251311, -82.4412132, 28.324493], 'properties': {}}",,city
6dd590c61801b09c,"Friendswood, TX",6dd590c61801b09c,[],,,"{'type': 'Feature', 'bbox': [-95.233093, 29.460644, -95.145844, 29.563312], 'properties': {}}",,city
bd73972b51647e05,"Bangor, ME",bd73972b51647e05,[],,,"{'type': 'Feature', 'bbox': [-68.872064, 44.768404, -68.71876, 44.855108], 'properties': {}}",,city
a3d770a00f15bcb1,"Corpus Christi, TX",a3d770a00f15bcb1,[],,,"{'type': 'Feature', 'bbox': [-97.662618, 27.578509, -97.202232, 27.895793], 'properties': {}}",,city
e43fd5ffd4b3a689,"Seymour, IN",e43fd5ffd4b3a689,[],,,"{'type': 'Feature', 'bbox': [-85.9349702, 38.908542, -85.817944, 38.990495], 'properties': {}}",,city
f8f8ee516109ee0e,"Whittier, CA",f8f8ee516109ee0e,[],,,"{'type': 'Feature', 'bbox': [-118.0724243, 33.928201, -117.9652874, 34.023634], 'properties': {}}",,city
d3c4d514e13810f3,"North Bethesda, MD",d3c4d514e13810f3,[],,,"{'type': 'Feature', 'bbox': [-77.155886, 39.0126343, -77.084619, 39.0743035], 'properties': {}}",,city
3f3f6803f117606d,"Lubbock, TX",3f3f6803f117606d,[],,,"{'type': 'Feature', 'bbox': [-102.033765, 33.4471196, -101.760581, 33.693933], 'properties': {}}",,city
dce44ec49eb788f5,"Irving, TX",dce44ec49eb788f5,[],,,"{'type': 'Feature', 'bbox': [-97.034184, 32.771786, -96.888782, 32.956048], 'properties': {}}",,city
6098c1080dfc7af3,"Winter Haven, FL",6098c1080dfc7af3,[],,,"{'type': 'Feature', 'bbox': [-81.770135, 27.939559, -81.6276375, 28.095052], 'properties': {}}",,city
efae765f7537164f,"Norton Shores, MI",efae765f7537164f,[],,,"{'type': 'Feature', 'bbox': [-86.320001, 43.117747, -86.20517, 43.206059], 'properties': {}}",,city
77fcb96a24077038,"Mill Valley, CA",77fcb96a24077038,[],,,"{'type': 'Feature', 'bbox': [-122.577014, 37.8860986, -122.512599, 37.930235], 'properties': {}}",,city
00b4365124f4f12f,"Eagle River, AK",00b4365124f4f12f,[],,,"{'type': 'Feature', 'bbox': [-149.588499, 61.292882, -149.389215, 61.437371], 'properties': {}}",,city
d84a2837f4d13599,"Owings Mills, MD",d84a2837f4d13599,[],,,"{'type': 'Feature', 'bbox': [-76.843666, 39.38247, -76.750777, 39.461505], 'properties': {}}",,city
5280739904d0ef48,"The Woodlands, TX",5280739904d0ef48,[],,,"{'type': 'Feature', 'bbox': [-95.661376, 30.10764, -95.418329, 30.254863], 'properties': {}}",,city
741e9df4d2522275,"Beverly Hills, CA",741e9df4d2522275,[],,,"{'type': 'Feature', 'bbox': [-118.4273439, 34.052559, -118.371934, 34.112434], 'properties': {}}",,city
e5c24c84174dea4d,"Delmar, NY",e5c24c84174dea4d,[],,,"{'type': 'Feature', 'bbox': [-73.893186, 42.567706, -73.765684, 42.648649], 'properties': {}}",,city
d3f378f122d4f4a7,"Cheektowaga, NY",d3f378f122d4f4a7,[],,,"{'type': 'Feature', 'bbox': [-78.799913, 42.863516, -78.6968847, 42.950897], 'properties': {}}",,city
e2fa1e6d23aea554,"Cleveland, MS",e2fa1e6d23aea554,[],,,"{'type': 'Feature', 'bbox': [-90.763071, 33.718281, -90.697661, 33.766135], 'properties': {}}",,city
1853a23eb7615e2d,"Agawam, MA",1853a23eb7615e2d,[],,,"{'type': 'Feature', 'bbox': [-72.710598, 42.03108, -72.584948, 42.102783], 'properties': {}}",,city
64ab889e24887e12,"Collierville, TN",64ab889e24887e12,[],,,"{'type': 'Feature', 'bbox': [-89.7444626, 35.006217, -89.640889, 35.110826], 'properties': {}}",,city
c79eed7858abe65e,"Murphy, MO",c79eed7858abe65e,[],,,"{'type': 'Feature', 'bbox': [-90.529632, 38.437456, -90.423923, 38.541479], 'properties': {}}",,city
003d28304705c42a,"Mandeville, LA",003d28304705c42a,[],,,"{'type': 'Feature', 'bbox': [-90.154712, 30.348341, -90.003767, 30.459998], 'properties': {}}",,city
1496f43fd8a3341f,"Fall River, MA",1496f43fd8a3341f,[],,,"{'type': 'Feature', 'bbox': [-71.195676, 41.603903, -71.101605, 41.7682983], 'properties': {}}",,city
c783883e2edd7454,"West Haven, CT",c783883e2edd7454,[],,,"{'type': 'Feature', 'bbox': [-72.994697, 41.233074, -72.919497, 41.313267], 'properties': {}}",,city
376e6de722d9a691,"Cocoa Beach, FL",376e6de722d9a691,[],,,"{'type': 'Feature', 'bbox': [-80.64362, 28.286581, -80.601732, 28.372031], 'properties': {}}",,city
9d8a608c1895dce3,"Avon, OH",9d8a608c1895dce3,[],,,"{'type': 'Feature', 'bbox': [-82.069227, 41.4183606, -81.969378, 41.47865], 'properties': {}}",,city
1c67f9d9cbae7f69,"Des Moines, IA",1c67f9d9cbae7f69,[],,,"{'type': 'Feature', 'bbox': [-93.709504, 41.501409, -93.503235, 41.6514656], 'properties': {}}",,city
7d563a4149988303,"Caldwell, ID",7d563a4149988303,[],,,"{'type': 'Feature', 'bbox': [-116.713205, 43.590179, -116.593171, 43.69763], 'properties': {}}",,city
11148050237800f2,"Port St Lucie, FL",11148050237800f2,[],,,"{'type': 'Feature', 'bbox': [-80.457446, 27.20569, -80.233079, 27.3958399], 'properties': {}}",,city
2335250557ea3fb4,"Champaign, IL",2335250557ea3fb4,[],,,"{'type': 'Feature', 'bbox': [-88.333161, 40.054674, -88.225277, 40.160295], 'properties': {}}",,city
8a35157e9a5c6983,"Great Neck Estates, NY",8a35157e9a5c6983,[],,,"{'type': 'Feature', 'bbox': [-73.750008, 40.775908, -73.729385, 40.796085], 'properties': {}}",,city
2cce4a9792d2d92e,"Greater Northdale, FL",2cce4a9792d2d92e,[],,,"{'type': 'Feature', 'bbox': [-82.562328, 28.078692, -82.502314, 28.1280586], 'properties': {}}",,city
7ad5ee3bb51bf311,"Lebanon, NH",7ad5ee3bb51bf311,[],,,"{'type': 'Feature', 'bbox': [-72.331133, 43.59427, -72.1688376, 43.691486], 'properties': {}}",,city
3f0085ad1a49fff2,"Kennedy Township, PA",3f0085ad1a49fff2,[],,,"{'type': 'Feature', 'bbox': [-80.126487, 40.451466, -80.074896, 40.503114], 'properties': {}}",,city
0041984014acb103,"Madison, MS",0041984014acb103,[],,,"{'type': 'Feature', 'bbox': [-90.205184, 32.426057, -90.0621661, 32.522579], 'properties': {}}",,city
004968f036f1ed8c,"Wauregan, CT",004968f036f1ed8c,[],,,"{'type': 'Feature', 'bbox': [-71.926701, 41.699383, -71.892902, 41.762137], 'properties': {}}",,city
7356b662670b2c31,"Clifton, NJ",7356b662670b2c31,[],,,"{'type': 'Feature', 'bbox': [-74.1977277, 40.82028, -74.118533, 40.899384], 'properties': {}}",,city
76c1bb41d3de7ff1,"Huntsville, AL",76c1bb41d3de7ff1,[],,,"{'type': 'Feature', 'bbox': [-86.7858813, 34.5784264, -86.4369414, 34.833627], 'properties': {}}",,city
bfadcb4bfcf83cef,"Vincennes, IN",bfadcb4bfcf83cef,[],,,"{'type': 'Feature', 'bbox': [-87.547173, 38.625181, -87.433471, 38.736046], 'properties': {}}",,city
